time;gFx;gFy;gFz;TgF
0,003603;0,0459;0,1534;1,0119;1,025
0,004062;0,0469;0,1534;1,0324;1,045
0,004264;0,0528;0,1549;1,0447;1,057
0,008954;0,0567;0,1583;1,0510;1,064
0,011790;0,0559;0,1627;1,0598;1,074
0,016830;0,0537;0,1703;1,0652;1,080
0,021873;0,0501;0,1749;1,0618;1,077
0,026982;0,0472;0,1791;1,0539;1,070
0,032139;0,0415;0,1823;1,0412;1,058
0,048441;0,0413;0,1864;1,0283;1,046
0,049155;0,0398;0,1893;1,0131;1,031
0,049559;0,0413;0,1896;0,9990;1,018
0,052213;0,0474;0,1932;0,9826;1,003
0,057204;0,0562;0,1974;0,9640;0,986
0,062708;0,0613;0,2038;0,9445;0,968
0,067340;0,0643;0,2118;0,9259;0,952
0,072065;0,0657;0,2123;0,9108;0,937
0,077090;0,0665;0,2169;0,9066;0,935
0,082193;0,0669;0,2165;0,8925;0,921
0,087854;0,0528;0,2157;0,8881;0,915
0,092255;0,0474;0,2133;0,8937;0,920
0,097285;0,0430;0,2094;0,9054;0,930
0,102140;0,0408;0,2045;0,9171;0,941
0,107336;0,0420;0,2011;0,9323;0,955
0,112423;0,0469;0,1964;0,9467;0,968
0,117318;0,0547;0,1945;0,9604;0,981
0,131809;0,0603;0,1925;0,9728;0,994
0,132527;0,0640;0,1915;0,9838;1,004
0,132866;0,0679;0,1896;0,9938;1,014
0,137809;0,0711;0,1886;0,9948;1,015
0,142558;0,0704;0,1910;0,9941;1,015
0,147630;0,0657;0,1908;0,9948;1,015
0,152743;0,0581;0,1888;0,9977;1,017
0,157696;0,0562;0,1906;0,9982;1,018
0,162735;0,0530;0,1915;0,9963;1,016
0,167588;0,0520;0,1945;0,9963;1,016
0,172758;0,0545;0,1950;0,9960;1,016
0,177800;0,0550;0,1981;0,9999;1,021
0,182702;0,0567;0,2023;1,0105;1,032
0,187996;0,0564;0,2045;1,0210;1,043
0,192982;0,0557;0,2079;1,0317;1,054
0,197846;0,0574;0,2069;1,0381;1,060
0,204547;0,0601;0,2074;1,0410;1,063
0,208000;0,0625;0,2111;1,0361;1,059
0,212996;0,0638;0,2160;1,0307;1,055
0,218151;0,0608;0,2174;1,0251;1,050
0,223321;0,0562;0,2179;1,0190;1,044
0,228052;0,0513;0,2150;1,0129;1,037
0,233147;0,0484;0,2101;1,0109;1,034
0,249401;0,0413;0,2077;1,0029;1,025
0,250232;0,0423;0,2123;0,9970;1,020
0,250630;0,0474;0,2155;0,9963;1,020
0,254734;0,0489;0,2143;0,9975;1,021
0,258300;0,0508;0,2121;1,0009;1,024
0,263455;0,0474;0,2086;1,0046;1,027
0,268263;0,0472;0,2052;1,0083;1,030
0,273272;0,0489;0,2045;1,0129;1,034
0,278285;0,0484;0,2028;1,0136;1,035
0,283222;0,0508;0,1994;1,0107;1,031
0,288305;0,0515;0,2006;0,9985;1,020
0,293496;0,0518;0,2028;0,9833;1,005
0,298388;0,0572;0,2062;0,9704;0,994
0,304406;0,0569;0,2089;0,9638;0,988
0,308812;0,0537;0,2077;0,9611;0,985
0,313517;0,0506;0,2060;0,9584;0,982
0,318726;0,0467;0,2028;0,9601;0,982
0,323707;0,0440;0,1998;0,9675;0,989
0,328598;0,0391;0,2020;0,9740;0,996
0,333658;0,0362;0,2038;0,9872;1,009
0,349587;0,0364;0,2023;0,9973;1,018
0,350331;0,0393;0,2008;1,0068;1,027
0,350733;0,0410;0,1989;1,0100;1,030
0,354588;0,0425;0,1974;1,0105;1,030
0,358878;0,0464;0,1974;1,0004;1,021
0,363827;0,0489;0,1991;0,9882;1,009
0,368929;0,0469;0,2008;0,9743;0,996
0,373893;0,0457;0,2042;0,9662;0,989
0,378896;0,0489;0,2052;0,9628;0,986
0,383776;0,0530;0,2038;0,9689;0,992
0,388840;0,0613;0,2055;0,9806;1,004
0,393970;0,0730;0,2074;0,9977;1,022
0,398903;0,0755;0,2096;1,0139;1,038
0,403911;0,0774;0,2094;1,0244;1,048
0,408920;0,0787;0,2123;1,0324;1,057
0,413993;0,0792;0,2143;1,0373;1,062
0,418780;0,0792;0,2140;1,0390;1,064
0,423998;0,0794;0,2174;1,0373;1,063
0,429054;0,0772;0,2165;1,0302;1,056
0,434196;0,0789;0,2191;1,0251;1,051
0,443437;0,0826;0,2240;1,0236;1,051
0,444439;0,0814;0,2279;1,0190;1,047
0,449530;0,0811;0,2284;1,0232;1,051
0,458772;0,0799;0,2338;1,0241;1,054
0,459674;0,0865;0,2372;1,0322;1,063
0,464244;0,0911;0,2414;1,0344;1,066
0,469343;0,0894;0,2470;1,0422;1,075
0,474464;0,0821;0,2448;1,0515;1,083
0,479400;0,0828;0,2472;1,0268;1,059
0,484519;0,3037;0,3159;0,7608;0,878
0,489539;0,2179;0,3139;0,8214;0,906
0,495248;0,1344;0,3042;0,8949;0,955
0,499813;0,0970;0,2856;0,9181;0,966
0,505363;0,0814;0,2639;0,9274;0,968
0,510606;0,0708;0,2502;0,9376;0,973
0,514798;0,0550;0,2406;0,9469;0,979
0,520061;0,0564;0,2389;0,9606;0,991
0,524959;0,0650;0,2365;0,9740;1,004
0,529947;0,0733;0,2345;0,9789;1,009
0,534688;0,0713;0,2277;0,9755;1,004
0,545744;0,0679;0,2240;0,9736;1,001
0,547020;0,0696;0,2189;0,9660;0,993
0,549697;0,0694;0,2174;0,9589;0,986
0,559954;0,0660;0,2169;0,9552;0,982
0,560993;0,0645;0,2152;0,9562;0,982
0,564724;0,0581;0,2096;0,9555;0,980
0,570489;0,0520;0,2016;0,9611;0,983
0,574908;0,0469;0,1952;0,9753;0,996
0,579908;0,0454;0,1952;0,9875;1,008
0,584600;0,0403;0,1945;0,9931;1,013
0,589911;0,0362;0,1906;0,9975;1,016
0,595014;0,0281;0,1913;0,9995;1,018
0,599819;0,0225;0,1906;1,0026;1,021
0,605240;0,0210;0,1920;1,0051;1,023
0,610332;0,0200;0,1903;0,9982;1,016
0,615189;0,0186;0,1893;0,9965;1,015
0,628792;0,0213;0,1901;1,0002;1,018
0,630265;0,0249;0,1925;1,0114;1,030
0,630844;0,0322;0,1974;1,0207;1,040
0,635022;0,0371;0,1964;1,0161;1,036
0,643284;0,0454;0,1979;1,0051;1,025
0,645065;0,0581;0,2011;0,9999;1,022
0,650134;0,0655;0,2086;1,0058;1,029
0,655057;0,0689;0,2123;1,0144;1,039
0,660320;0,0687;0,2157;1,0207;1,046
0,665159;0,0625;0,2113;1,0219;1,045
0,672070;0,0525;0,2047;1,0192;1,041
0,675510;0,0472;0,2006;1,0153;1,036
0,680754;0,0415;0,1991;1,0043;1,025
0,686840;0,0432;0,1996;0,9943;1,015
0,690935;0,0425;0,2038;0,9772;0,999
0,695917;0,0440;0,2064;0,9479;0,971
0,700732;0,0445;0,2079;0,9289;0,953
0,705947;0,0459;0,2089;0,9093;0,934
0,710667;0,0528;0,2113;0,8917;0,918
0,715949;0,0635;0,2147;0,8849;0,913
0,731053;0,0726;0,2179;0,8751;0,905
0,732062;0,0728;0,2206;0,8734;0,904
0,732648;0,0706;0,2228;0,8788;0,909
0,735708;0,0621;0,2216;0,8849;0,914
0,744480;0,0530;0,2231;0,8959;0,925
0,745866;0,0457;0,2191;0,9061;0,933
0,750728;0,0476;0,2201;0,9056;0,933
0,755659;0,0396;0,2157;0,8990;0,925
0,760659;0,0288;0,2103;0,8971;0,922
0,765775;0,0205;0,2079;0,9110;0,935
0,772428;0,0139;0,2052;0,9362;0,959
0,776212;0,0134;0,2038;0,9618;0,983
0,781085;0,0159;0,2016;0,9758;0,996
0,788965;0,0134;0,1942;0,9755;0,995
0,791537;0,0161;0,1898;0,9731;0,992
0,796225;0,0222;0,1903;0,9782;0,997
0,801318;0,0254;0,1915;0,9824;1,001
0,806337;0,0244;0,1932;0,9828;1,002
0,811359;0,0320;0,1915;0,9853;1,004
0,816192;0,0347;0,1908;0,9929;1,012
0,830399;0,0366;0,1920;1,0097;1,028
0,831431;0,0388;0,1950;1,0219;1,041
0,831809;0,0359;0,1935;1,0324;1,051
0,845529;0,0332;0,1925;1,0363;1,055
0,846540;0,0293;0,1918;1,0371;1,055
0,846900;0,0303;0,1915;1,0434;1,061
0,851275;0,0344;0,1930;1,0449;1,063
0,858559;0,0386;0,1925;1,0400;1,058
0,861218;0,0398;0,1957;1,0393;1,058
0,867599;0,0469;0,1991;1,0341;1,054
0,873580;0,0513;0,2018;1,0317;1,053
0,876389;0,0533;0,2042;1,0344;1,056
0,881396;0,0493;0,2040;1,0354;1,056
0,887364;0,0498;0,2096;1,0351;1,057
0,891602;0,0498;0,2130;1,0327;1,056
0,896497;0,0469;0,2157;1,0254;1,049
0,901689;0,0491;0,2172;1,0080;1,032
0,906546;0,0472;0,2184;1,0017;1,026
0,911541;0,0423;0,2209;0,9973;1,022
0,916818;0,0369;0,2228;0,9914;1,017
0,930690;0,0335;0,2221;0,9890;1,014
0,931916;0,0300;0,2191;0,9880;1,012
0,932616;0,0244;0,2143;0,9846;1,008
0,939296;0,0205;0,2116;0,9953;1,018
0,943571;0,0159;0,2067;1,0026;1,024
0,946862;0,0149;0,2025;1,0070;1,027
0,953208;0,0181;0,2023;1,0100;1,030
0,956935;0,0274;0,1991;1,0087;1,029
0,962146;0,0359;0,1976;1,0085;1,028
0,967460;0,0435;0,1954;0,9999;1,020
0,972073;0,0491;0,1913;0,9907;1,010
0,976958;0,0528;0,1884;0,9836;1,003
0,982400;0,0584;0,1840;0,9743;0,993
0,989736;0,0679;0,1818;0,9675;0,987
0,992154;0,0735;0,1803;0,9623;0,982
0,997377;0,0752;0,1766;0,9569;0,976
1,002048;0,0735;0,1715;0,9526;0,971
1,007906;0,0704;0,1642;0,9557;0,972
1,012427;0,0635;0,1603;0,9660;0,981
1,017692;0,0591;0,1566;0,9787;0,993
1,030243;0,0535;0,1578;0,9941;1,008
1,031001;0,0506;0,1634;1,0053;1,020
1,032103;0,0518;0,1688;1,0161;1,031
1,047247;0,0596;0,1788;1,0166;1,034
1,048389;0,0672;0,1918;1,0126;1,033
1,048851;0,0706;0,2050;0,9982;1,022
1,052870;0,0743;0,2160;0,9804;1,007
1,058073;0,0738;0,2284;0,9567;0,986
1,062844;0,0750;0,2387;0,9337;0,967
1,067955;0,0772;0,2499;0,9118;0,949
1,072902;0,0838;0,2612;0,8932;0,934
1,078252;0,0921;0,2690;0,8851;0,930
1,082796;0,0987;0,2746;0,8905;0,937
1,087568;0,1019;0,2766;0,9015;0,948
1,092817;0,1073;0,2741;0,9125;0,959
1,097877;0,1165;0,2736;0,9242;0,971
1,105578;0,1305;0,2687;0,9330;0,980
1,108236;0,1395;0,2704;0,9447;0,993
1,113107;0,1385;0,2748;0,9477;0,996
1,118413;0,1368;0,2775;0,9545;1,003
1,122929;0,1363;0,2775;0,9616;1,010
1,128269;0,1331;0,2690;0,9599;1,006
1,133140;0,1317;0,2634;0,9604;1,004
1,138255;0,1292;0,2612;0,9645;1,008
1,149339;0,1192;0,2634;0,9762;1,018
1,150840;0,1053;0,2685;0,9919;1,033
1,154796;0,0833;0,2712;0,9992;1,039
1,167881;0,0545;0,2748;0,9955;1,034
1,168578;0,0410;0,2761;0,9875;1,026
1,169026;0,0374;0,2778;0,9794;1,019
1,174767;0,0371;0,2839;0,9711;1,012
1,177926;0,0364;0,2895;0,9733;1,016
1,183056;0,0406;0,2961;0,9784;1,023
1,188208;0,0366;0,2978;0,9841;1,029
1,193396;0,0296;0,3005;0,9860;1,031
1,198487;0,0232;0,3039;0,9877;1,034
1,204632;0,0186;0,3073;0,9963;1,043
1,208366;0,0142;0,3086;0,9955;1,042
1,213192;0,0088;0,3132;0,9968;1,045
1,218347;0,0022;0,3164;0,9929;1,042
1,223699;-0,0020;0,3218;0,9894;1,040
1,228874;-0,0078;0,3261;0,9870;1,040
1,233812;-0,0134;0,3276;0,9833;1,037
1,246492;-0,0178;0,3335;0,9775;1,033
1,247771;-0,0178;0,3342;0,9662;1,023
1,248597;-0,0203;0,3362;0,9560;1,014
1,266029;-0,0161;0,3401;0,9447;1,004
1,267203;-0,0105;0,3423;0,9296;0,991
1,267687;-0,0056;0,3435;0,9220;0,984
1,269290;-0,0010;0,3457;0,9152;0,978
1,273658;0,0032;0,3447;0,9142;0,977
1,278693;0,0032;0,3396;0,9176;0,978
1,283751;0,0064;0,3308;0,9325;0,989
1,289071;0,0107;0,3249;0,9591;1,013
1,294250;0,0107;0,3174;0,9919;1,041
1,299298;0,0129;0,3108;1,0300;1,076
1,306299;0,0161;0,3046;1,0635;1,106
1,309010;0,0215;0,2990;1,0928;1,133
1,314126;0,0274;0,2929;1,1079;1,146
1,319582;0,0300;0,2912;1,1101;1,148
1,324448;0,0322;0,2934;1,1248;1,163
1,329316;0,0396;0,2907;1,1182;1,156
1,333962;0,0486;0,2875;1,1089;1,147
1,345706;0,0613;0,2858;1,1028;1,141
1,346516;0,0745;0,2873;1,0999;1,139
1,349361;0,0880;0,2912;1,0999;1,141
1,366305;0,1085;0,3010;1,1006;1,146
1,367165;0,1300;0,3108;1,0984;1,149
1,367533;0,1546;0,3198;1,0901;1,147
1,369358;0,1691;0,3240;1,0786;1,139
1,375612;0,1793;0,3254;1,0713;1,134
1,379318;0,1864;0,3288;1,0610;1,126
1,384190;0,1918;0,3305;1,0561;1,123
1,389874;0,1957;0,3305;1,0561;1,124
1,394896;0,1923;0,3347;1,0569;1,125
1,399786;0,1874;0,3327;1,0578;1,125
1,404798;0,1805;0,3318;1,0530;1,119
1,409695;0,1713;0,3374;1,0642;1,129
1,414658;0,1625;0,3345;1,0498;1,114
1,422612;0,1471;0,3357;1,0359;1,099
1,424919;0,1319;0,3367;1,0224;1,084
1,429714;0,1207;0,3425;1,0095;1,073
1,434552;0,1119;0,3476;0,9955;1,060
1,440066;0,1009;0,3513;0,9816;1,047
1,445027;0,0921;0,3540;0,9748;1,041
1,449892;0,0845;0,3557;0,9758;1,042
1,462361;0,0782;0,3533;0,9738;1,039
1,463330;0,0657;0,3501;0,9762;1,039
1,465228;0,0498;0,3425;0,9782;1,038
1,475053;0,0364;0,3391;0,9948;1,052
1,475835;0,0330;0,3330;1,0129;1,067
1,479620;0,0342;0,3210;1,0205;1,070
1,484702;0,0342;0,3154;1,0246;1,073
1,489813;0,0327;0,3071;1,0363;1,081
1,494988;0,0344;0,2995;1,0491;1,092
1,499771;0,0376;0,2939;1,0537;1,095
1,504795;0,0352;0,2863;1,0574;1,096
1,509893;0,0347;0,2841;1,0833;1,120
1,514885;0,0540;0,2714;1,0652;1,101
1,521058;0,0562;0,2533;1,0561;1,088
1,525855;0,0425;0,2436;1,0732;1,101
1,530196;0,0335;0,2309;1,0925;1,117
1,535415;0,0271;0,2213;1,1050;1,127
1,540035;0,0191;0,2138;1,1179;1,138
1,544916;0,0161;0,2047;1,1255;1,144
1,550786;0,0176;0,1994;1,1272;1,145
1,558235;0,0129;0,1945;1,1216;1,138
1,562377;0,0149;0,1957;1,1319;1,149
1,565143;0,0220;0,2047;1,1551;1,173
1,570742;0,0283;0,2177;1,1627;1,183
1,575333;0,0364;0,2265;1,1563;1,179
1,580393;0,0493;0,2338;1,1385;1,163
1,585341;0,0599;0,2384;1,1118;1,139
1,590519;0,0716;0,2448;1,0950;1,124
1,595374;0,0811;0,2568;1,0960;1,129
1,600374;0,0867;0,2673;1,0972;1,133
1,605498;0,0867;0,2714;1,1023;1,139
1,610552;0,0897;0,2731;1,1055;1,142
1,615707;0,0892;0,2751;1,0994;1,137
1,620886;0,0909;0,2712;1,0815;1,119
1,625315;0,0894;0,2707;1,0600;1,098
1,630396;0,0887;0,2712;1,0390;1,077
1,636655;0,0840;0,2719;1,0246;1,063
1,640506;0,0804;0,2722;1,0180;1,057
1,645610;0,0809;0,2746;1,0300;1,069
1,650629;0,0789;0,2658;1,0041;1,042
1,659777;0,0711;0,2602;0,9811;1,018
1,660686;0,0669;0,2582;0,9679;1,004
1,665861;0,0652;0,2531;0,9579;0,993
1,671682;0,0623;0,2460;0,9530;0,986
1,675764;0,0613;0,2380;0,9504;0,982
1,680699;0,0601;0,2311;0,9648;0,994
1,687301;0,0708;0,2311;0,9848;1,014
1,690894;0,0794;0,2279;0,9960;1,025
1,695735;0,0796;0,2169;0,9865;1,013
1,700757;0,0750;0,2086;0,9721;0,997
1,706039;0,0638;0,2067;0,9587;0,983
1,711037;0,0491;0,2033;0,9389;0,962
1,716121;0,0347;0,1989;0,9166;0,939
1,721378;0,0169;0,1935;0,8885;0,910
1,726628;0,0076;0,1950;0,8732;0,895
1,731154;0,0037;0,1871;0,8091;0,831
1,743524;-0,0051;0,1827;0,7542;0,776
1,744413;-0,0129;0,1867;0,7144;0,738
1,746085;-0,0156;0,1908;0,6970;0,723
1,751387;-0,0107;0,1986;0,6819;0,710
1,758034;-0,0024;0,2079;0,6674;0,699
1,761553;0,0110;0,2169;0,6621;0,697
1,766395;0,0215;0,2226;0,6677;0,704
1,771306;0,0359;0,2367;0,6843;0,725
1,776511;0,0596;0,2460;0,7141;0,758
1,781583;0,0755;0,2504;0,6977;0,745
1,788375;0,0865;0,2553;0,6941;0,745
1,791725;0,0953;0,2585;0,6987;0,751
1,796396;0,1019;0,2590;0,7024;0,755
1,801544;0,1063;0,2599;0,7056;0,759
1,806970;0,1094;0,2624;0,7024;0,758
1,811824;0,1104;0,2585;0,6977;0,752
1,816867;0,1158;0,2595;0,7012;0,757
1,822864;0,1283;0,2609;0,7239;0,780
1,826807;0,1371;0,2595;0,7564;0,811
1,831895;0,1476;0,2582;0,7857;0,840
1,838924;0,1595;0,2631;0,8551;0,909
1,842705;0,1681;0,2580;0,8700;0,923
1,846861;0,1571;0,2499;0,8929;0,940
1,852436;0,1410;0,2470;0,9367;0,979
1,864009;0,1200;0,2380;0,9916;1,027
1,864536;0,1019;0,2292;1,0315;1,062
1,867013;0,0894;0,2218;1,0486;1,075
1,882277;0,0733;0,2157;1,0444;1,069
1,882824;0,0586;0,2140;1,0276;1,051
1,883074;0,0381;0,2189;1,0112;1,035
1,893081;0,0281;0,2284;0,9921;1,018
1,894111;0,0281;0,2406;0,9758;1,005
1,897094;0,0386;0,2531;0,9491;0,983
1,902413;0,0491;0,2668;0,9227;0,962
1,906970;0,0625;0,2788;0,9005;0,945
1,911943;0,0740;0,2917;0,8807;0,931
1,916915;0,0750;0,2985;0,8639;0,917
1,922133;0,0687;0,3003;0,8419;0,896
1,927582;0,0596;0,3090;0,8370;0,894
1,932121;0,0533;0,3164;0,8372;0,897
1,943476;0,0511;0,3232;0,8363;0,898
1,944131;0,0491;0,3281;0,8389;0,902
1,947282;0,0450;0,3303;0,8414;0,905
1,955041;0,0428;0,3305;0,8392;0,903
1,957238;0,0445;0,3298;0,8421;0,905
1,962494;0,0496;0,3305;0,8504;0,914
1,967385;0,0540;0,3342;0,8648;0,929
1,972379;0,0689;0,3401;0,8810;0,947
1,977391;0,0928;0,3542;0,8934;0,966
1,982552;0,1075;0,3621;0,9000;0,976
1,988069;0,1163;0,3716;0,9056;0,986
1,992575;0,1099;0,3743;0,9083;0,989
1,997515;0,0960;0,3723;0,9105;0,988
2,004462;0,0826;0,3662;0,9254;0,999
2,007975;0,0701;0,3591;0,9511;1,019
2,012806;0,0574;0,3506;0,9870;1,049
2,017810;0,0484;0,3481;1,0341;1,092
2,022930;0,0410;0,3430;1,0938;1,147
2,027871;0,0437;0,3381;1,1688;1,217
2,032664;0,0469;0,3305;1,2247;1,269
2,046257;0,0479;0,3200;1,2750;1,315
2,047010;0,0464;0,3098;1,3131;1,350
2,050553;0,0435;0,3020;1,3329;1,367
2,057710;0,0393;0,2973;1,3478;1,381
2,058593;0,0420;0,3017;1,3478;1,382
2,063029;0,0462;0,3066;1,3410;1,376
2,067910;0,0555;0,3105;1,3227;1,360
2,072891;0,0689;0,3139;1,2836;1,323
2,078100;0,0945;0,3198;1,2438;1,288
2,083160;0,1178;0,3379;1,2269;1,278
2,088283;0,1368;0,3462;1,2203;1,276
2,093259;0,1549;0,3501;1,2164;1,275
2,098056;0,1717;0,3557;1,2289;1,291
2,105578;0,1830;0,3594;1,2438;1,308
2,108448;0,1869;0,3640;1,2601;1,325
2,113569;0,1820;0,3640;1,2667;1,331
2,118828;0,1695;0,3618;1,2518;1,314
2,123590;0,1605;0,3596;1,2208;1,283
2,128804;0,1466;0,3623;1,1705;1,234
2,133344;0,1251;0,3699;1,1331;1,198
2,142607;0,1121;0,3784;1,1065;1,175
2,143499;0,1099;0,3858;1,0879;1,159
2,148613;0,1180;0,3894;1,0718;1,146
2,164307;0,1134;0,3909;1,0556;1,131
2,165192;0,1075;0,3921;1,0332;1,110
2,165657;0,1097;0,3897;1,0073;1,086
2,168433;0,1178;0,3887;0,9870;1,067
2,173765;0,1270;0,3902;0,9843;1,066
2,178518;0,1358;0,3909;1,0073;1,089
2,183531;0,1515;0,3875;1,0405;1,121
2,188884;0,1610;0,3779;1,0749;1,151
2,193903;0,1630;0,3699;1,1006;1,172
2,198957;0,1595;0,3569;1,1228;1,189
2,205024;0,1502;0,3440;1,1336;1,194
2,209063;0,1375;0,3313;1,1431;1,198
2,214018;0,1295;0,3181;1,1453;1,196
2,218956;0,1285;0,3115;1,1534;1,202
2,224445;0,1297;0,3093;1,1553;1,203
2,229042;0,1295;0,3046;1,1666;1,213
2,234225;0,1263;0,2885;1,1646;1,206
2,244654;0,1236;0,2680;1,1372;1,175
2,245833;0,1229;0,2538;1,0930;1,129
2,252613;0,1187;0,2499;1,0444;1,080
2,260609;0,1097;0,2514;0,9999;1,037
2,261898;0,1029;0,2563;0,9501;0,989
2,263806;0,1041;0,2660;0,8956;0,940
2,270729;0,1151;0,2751;0,8475;0,898
2,274103;0,1300;0,2861;0,8084;0,867
2,279103;0,1415;0,2961;0,7740;0,841
2,283963;0,1485;0,3044;0,7246;0,800
2,289739;0,1524;0,3081;0,6955;0,776
2,294530;0,1522;0,3161;0,6728;0,759
2,299045;0,1534;0,3230;0,6601;0,751
2,304296;0,1529;0,3252;0,6518;0,744
2,309360;0,1478;0,3271;0,6535;0,746
2,314485;0,1410;0,3274;0,6679;0,757
2,320854;0,1322;0,3225;0,7021;0,784
2,324276;0,1234;0,3171;0,7547;0,828
2,329543;0,1107;0,3022;0,8138;0,875
2,334463;0,1019;0,2907;0,8846;0,937
2,339660;0,0931;0,2748;0,9381;0,982
2,344725;0,0809;0,2621;0,9912;1,028
2,349515;0,0643;0,2504;1,0398;1,071
2,361934;0,0486;0,2424;1,0752;1,103
2,363432;0,0374;0,2372;1,0982;1,124
2,364777;0,0327;0,2397;1,1062;1,132
2,376304;0,0337;0,2436;1,0996;1,127
2,377305;0,0362;0,2482;1,0762;1,105
2,379708;0,0364;0,2533;1,0322;1,063
2,384582;0,0379;0,2626;0,9821;1,017
2,389605;0,0435;0,2792;0,9372;0,979
2,394781;0,0474;0,2927;0,8861;0,934
2,399532;0,0572;0,3044;0,8375;0,893
2,404793;0,0669;0,3200;0,8021;0,866
2,410332;0,0777;0,3408;0,7779;0,853
2,415004;0,0948;0,3608;0,7605;0,847
2,420174;0,1114;0,3748;0,7427;0,839
2,425132;0,1190;0,3862;0,7327;0,837
2,430111;0,1170;0,3943;0,7285;0,837
2,435154;0,1182;0,4029;0,7068;0,822
2,440321;0,1170;0,4095;0,6799;0,802
2,445310;0,1119;0,4085;0,6508;0,777
2,450330;0,1029;0,4092;0,6296;0,758
2,460899;0,0906;0,4124;0,6166;0,747
2,462060;0,0752;0,4141;0,5998;0,733
2,465499;0,0652;0,4139;0,5951;0,728
2,474024;0,0528;0,4146;0,6003;0,731
2,474978;0,0435;0,4161;0,6144;0,743
2,480067;0,0435;0,4153;0,6398;0,764
2,485061;0,0484;0,4156;0,6814;0,800
2,490415;0,0474;0,4173;0,7459;0,856
2,495251;0,0459;0,4143;0,7972;0,900
2,500190;0,0457;0,4097;0,8487;0,944
2,505513;0,0530;0,4038;0,8961;0,984
2,510375;0,0645;0,4012;0,9367;1,021
2,515175;0,0713;0,4004;0,9767;1,058
2,520905;0,0792;0,4029;1,0112;1,091
2,525677;0,0875;0,4043;1,0283;1,108
2,530527;0,0997;0,4097;1,0388;1,121
2,535665;0,1116;0,4168;1,0420;1,128
2,540752;0,1153;0,4280;1,0288;1,120
2,545354;0,1204;0,4312;1,0197;1,114
2,550667;0,1380;0,4336;1,0188;1,116
2,561646;0,1502;0,4383;1,0131;1,114
2,562614;0,1554;0,4498;1,0017;1,109
2,566230;0,1615;0,4630;0,9912;1,106
2,577598;0,1625;0,4766;0,9826;1,104
2,578454;0,1593;0,4859;0,9794;1,105
2,580749;0,1542;0,4945;0,9838;1,112
2,585731;0,1485;0,4989;0,9846;1,114
2,590590;0,1331;0,4984;0,9892;1,116
2,595618;0,1212;0,4918;0,9924;1,114
2,600785;0,1119;0,4845;0,9999;1,117
2,605946;0,1060;0,4766;1,0144;1,126
2,611023;0,1055;0,4730;1,0205;1,130
2,615940;0,1160;0,4634;1,0170;1,124
2,621130;0,1261;0,4576;1,0175;1,123
2,626476;0,1336;0,4569;1,0295;1,134
2,631388;0,1407;0,4539;1,0491;1,152
2,638311;0,1451;0,4576;1,0708;1,173
2,641302;0,1507;0,4595;1,1214;1,221
2,646437;0,1551;0,4632;1,1746;1,272
2,651250;0,1586;0,4613;1,2313;1,324
2,664579;0,1717;0,4615;1,2863;1,377
2,665795;0,1859;0,4659;1,3344;1,426
2,666348;0,1976;0,4801;1,3730;1,468
2,679201;0,2125;0,4933;1,3877;1,488
2,680114;0,2389;0,5001;1,3962;1,502
2,681197;0,2746;0,5062;1,3989;1,513
2,686786;0,3088;0,5116;1,3935;1,516
2,691557;0,3310;0,5189;1,3686;1,501
2,696434;0,3508;0,5238;1,3459;1,486
2,701520;0,3613;0,5270;1,3205;1,467
2,706873;0,3535;0,5250;1,2863;1,434
2,711517;0,3242;0,5152;1,2477;1,388
2,716532;0,2829;0,5008;1,2013;1,332
2,721670;0,2397;0,4815;1,1517;1,271
2,726983;0,1952;0,4627;1,1070;1,216
2,731845;0,1600;0,4385;1,0669;1,165
2,743957;0,1295;0,4126;1,0381;1,125
2,745238;0,1048;0,3892;1,0351;1,111
2,746824;0,0823;0,3660;1,0569;1,121
2,751623;0,0679;0,3425;1,0896;1,144
2,758104;0,0635;0,3205;1,1135;1,161
2,761681;0,0623;0,3029;1,1338;1,175
2,766939;0,0647;0,2956;1,1517;1,191
2,771673;0,0645;0,2912;1,1671;1,205
2,776989;0,0655;0,2853;1,1903;1,226
2,781942;0,0603;0,2763;1,2237;1,256
2,787221;0,0613;0,2692;1,2565;1,286
2,791929;0,0669;0,2624;1,2687;1,297
2,797045;0,0652;0,2477;1,2716;1,297
2,802774;0,0699;0,2453;1,2714;1,297
2,807251;0,0721;0,2443;1,2584;1,284
2,812238;0,0594;0,2441;1,2306;1,256
2,817368;0,0410;0,2411;1,1912;1,216
2,822410;0,0171;0,2358;1,1380;1,162
2,827534;-0,0056;0,2292;1,0764;1,101
2,832218;-0,0215;0,2243;1,0114;1,036
2,845920;-0,0349;0,2189;0,9567;0,982
2,846991;-0,0493;0,2150;0,8954;0,922
2,847535;-0,0638;0,2103;0,8609;0,889
2,859998;-0,0716;0,2081;0,8411;0,869
2,861142;-0,0777;0,2042;0,8367;0,865
2,862258;-0,0750;0,2006;0,8446;0,871
2,868048;-0,0640;0,1989;0,8578;0,883
2,872440;-0,0476;0,1952;0,8719;0,895
2,877647;-0,0288;0,1976;0,8824;0,905
2,882382;-0,0056;0,2011;0,8834;0,906
2,887737;0,0112;0,2077;0,8844;0,909
2,892735;0,0252;0,2116;0,8724;0,898
2,897812;0,0425;0,2133;0,8497;0,877
2,904538;0,0525;0,2152;0,8289;0,858
2,907787;0,0601;0,2155;0,8104;0,841
2,912939;0,0608;0,2162;0,7962;0,827
2,917411;0,0625;0,2135;0,7815;0,813
2,922633;0,0645;0,2081;0,7764;0,806
2,928172;0,0696;0,2106;0,7757;0,807
2,933059;0,0767;0,2121;0,7749;0,807
2,945627;0,0909;0,2128;0,7754;0,809
2,946527;0,1031;0,2133;0,7835;0,819
2,947798;0,1041;0,2123;0,7955;0,830
2,963278;0,1041;0,2106;0,8123;0,846
2,964453;0,0982;0,2140;0,8275;0,860
2,965060;0,0923;0,2145;0,8333;0,865
2,968173;0,0855;0,2155;0,8284;0,860
2,972812;0,0792;0,2172;0,8157;0,848
2,977995;0,0728;0,2204;0,8023;0,835
2,983307;0,0652;0,2267;0,7867;0,821
2,988663;0,0559;0,2328;0,7757;0,812
2,993416;0,0491;0,2389;0,7620;0,800
2,999614;0,0440;0,2504;0,7473;0,789
3,004750;0,0384;0,2582;0,7297;0,775
3,009676;0,0352;0,2663;0,7112;0,760
3,013807;0,0325;0,2736;0,6902;0,743
3,020673;0,0288;0,2814;0,6748;0,732
3,023630;0,0247;0,2875;0,6701;0,730
3,028194;0,0213;0,2905;0,6758;0,736
3,034217;0,0169;0,2905;0,6987;0,757
3,038446;0,0103;0,2853;0,7236;0,778
3,043183;0,0093;0,2766;0,7522;0,802
3,048126;0,0061;0,2704;0,7901;0,835
3,059150;0,0112;0,2656;0,8216;0,864
3,060202;0,0188;0,2634;0,8436;0,884
3,063241;0,0259;0,2624;0,8614;0,901
3,068337;0,0357;0,2614;0,8751;0,914
3,073519;0,0440;0,2663;0,8866;0,927
3,078595;0,0525;0,2704;0,8976;0,939
3,083900;0,0584;0,2775;0,9088;0,952
3,088971;0,0616;0,2858;0,9125;0,958
3,094022;0,0621;0,2937;0,9118;0,960
3,098757;0,0623;0,2988;0,9015;0,952
3,103954;0,0562;0,3083;0,8956;0,949
3,109274;0,0484;0,3156;0,8881;0,944
3,114029;0,0486;0,3213;0,8783;0,936
3,122243;0,0530;0,3254;0,8673;0,928
3,123808;0,0542;0,3320;0,8556;0,919
3,129267;0,0574;0,3396;0,8526;0,920
3,134004;0,0599;0,3496;0,8604;0,931
3,145967;0,0689;0,3545;0,8817;0,953
3,146822;0,0823;0,3604;0,9074;0,980
3,149031;0,0963;0,3623;0,9384;1,010
3,159729;0,1021;0,3635;0,9721;1,043
3,160761;0,1041;0,3604;1,0119;1,079
3,164276;0,1082;0,3586;1,0512;1,116
3,169130;0,1185;0,3547;1,0925;1,155
3,174309;0,1258;0,3523;1,1372;1,197
3,179207;0,1322;0,3489;1,1900;1,247
3,184181;0,1280;0,3452;1,2399;1,293
3,189551;0,1222;0,3396;1,2858;1,335
3,194432;0,1129;0,3305;1,3239;1,369
3,199356;0,1053;0,3218;1,3559;1,398
3,204234;0,0955;0,3125;1,3808;1,419
3,209730;0,0880;0,3059;1,3906;1,427
3,214427;0,0862;0,3012;1,3933;1,428
3,220786;0,0897;0,3007;1,3991;1,434
3,224443;0,1004;0,3015;1,4021;1,438
3,229712;0,1104;0,3056;1,4016;1,439
3,234365;0,1239;0,3093;1,3950;1,434
3,239548;0,1380;0,3110;1,3828;1,424
3,244676;0,1488;0,3100;1,3637;1,406
3,249844;0,1673;0,3086;1,3324;1,378
3,261371;0,1888;0,3132;1,2880;1,339
3,262554;0,2016;0,3181;1,2455;1,301
3,264332;0,2101;0,3232;1,2022;1,263
3,276476;0,2121;0,3298;1,1563;1,221
3,277407;0,2128;0,3352;1,1052;1,174
3,279526;0,2160;0,3396;1,0478;1,122
3,284302;0,2187;0,3472;0,9929;1,074
3,289747;0,2201;0,3508;0,9508;1,037
3,294758;0,2165;0,3513;0,9201;1,008
3,299728;0,2123;0,3516;0,9047;0,994
3,304854;0,2086;0,3513;0,9017;0,990
3,310254;0,2040;0,3428;0,9088;0,992
3,314986;0,2020;0,3293;0,9335;1,010
3,321025;0,1994;0,3161;0,9704;1,040
3,325050;0,1937;0,2990;1,0073;1,068
3,330268;0,1884;0,2780;1,0390;1,092
3,335162;0,1805;0,2607;1,0674;1,113
3,340521;0,1710;0,2477;1,0964;1,137
3,344848;0,1600;0,2348;1,1233;1,159
3,350050;0,1480;0,2184;1,1468;1,177
3,360544;0,1427;0,2030;1,1668;1,193
3,361879;0,1314;0,1959;1,1785;1,202
3,365088;0,1204;0,1893;1,1834;1,205
3,374799;0,1033;0,1879;1,1707;1,190
3,375545;0,0872;0,1842;1,1480;1,166
3,379970;0,0748;0,1830;1,1157;1,133
3,385144;0,0611;0,1874;1,0720;1,090
3,390426;0,0525;0,1908;1,0163;1,035
3,395502;0,0518;0,2042;0,9540;0,977
3,400421;0,0533;0,2221;0,8988;0,927
3,405896;0,0564;0,2397;0,8316;0,867
3,410164;0,0650;0,2592;0,7798;0,824
3,415256;0,0772;0,2741;0,7239;0,778
3,420638;0,1002;0,2912;0,6716;0,739
3,425783;0,1212;0,3112;0,6298;0,713
3,430898;0,1395;0,3318;0,6125;0,710
3,435627;0,1527;0,3457;0,6176;0,724
3,440941;0,1617;0,3528;0,6457;0,753
3,445809;0,1544;0,3501;0,6855;0,785
3,450696;0,1349;0,3354;0,7295;0,814
3,463257;0,1129;0,3176;0,7710;0,841
3,464239;0,0821;0,2985;0,7896;0,848
3,465629;0,0640;0,2910;0,7977;0,851
3,475638;0,0511;0,2927;0,8006;0,854
3,476581;0,0432;0,2976;0,7967;0,852
3,480552;0,0396;0,3056;0,7857;0,844
3,487333;0,0403;0,3174;0,7752;0,839
3,490979;0,0420;0,3208;0,7642;0,830
3,495892;0,0464;0,3279;0,7483;0,818
3,500832;0,0454;0,3349;0,7312;0,806
3,506115;0,0418;0,3389;0,7043;0,783
3,510985;0,0410;0,3437;0,6889;0,771
3,515828;0,0371;0,3498;0,6831;0,768
3,521051;0,0325;0,3525;0,6784;0,765
3,526257;0,0222;0,3508;0,6740;0,760
3,531312;0,0164;0,3511;0,6677;0,755
3,545330;0,0086;0,3520;0,6628;0,751
3,546352;0,0029;0,3503;0,6550;0,743
3,546708;0,0002;0,3503;0,6501;0,738
3,551342;0,0032;0,3545;0,6523;0,742
3,565392;0,0156;0,3630;0,6511;0,746
3,566168;0,0315;0,3674;0,6521;0,749
3,566455;0,0313;0,3696;0,6885;0,782
3,575642;0,0237;0,3657;0,7715;0,854
3,576797;0,0093;0,3479;0,8802;0,947
3,581394;0,0007;0,3186;0,9709;1,022
3,586835;-0,0005;0,2856;1,0444;1,083
3,591455;0,0027;0,2612;1,1060;1,136
3,596134;0,0088;0,2467;1,1543;1,180
3,601197;0,0095;0,2421;1,1810;1,206
3,606786;0,0139;0,2467;1,1790;1,205
3,611730;0,0156;0,2609;1,1456;1,175
3,616605;0,0169;0,2712;1,1092;1,142
3,621889;0,0286;0,2871;1,0608;1,099
3,626793;0,0435;0,3007;1,0158;1,060
3,631733;0,0606;0,3142;0,9765;1,028
3,638016;0,0777;0,3310;0,9452;1,005
3,641946;0,0914;0,3450;0,9247;0,991
3,646878;0,1007;0,3518;0,9157;0,986
3,652076;0,1033;0,3533;0,9061;0,978
3,663692;0,1033;0,3518;0,8861;0,959
3,664545;0,1043;0,3508;0,8563;0,931
3,666800;0,1055;0,3601;0,8306;0,911
3,679338;0,1102;0,3689;0,8172;0,903
3,680362;0,1082;0,3767;0,8187;0,908
3,681718;0,1029;0,3804;0,8162;0,906
3,687069;0,0945;0,3836;0,8128;0,904
3,691817;0,0850;0,3840;0,8077;0,898
3,696907;0,0735;0,3862;0,8003;0,892
3,702244;0,0569;0,3872;0,8023;0,893
3,707783;0,0408;0,3880;0,8069;0,896
3,712228;0,0286;0,3882;0,8111;0,900
3,717176;0,0105;0,3872;0,8194;0,906
3,722710;-0,0002;0,3899;0,8326;0,919
3,727528;-0,0081;0,3958;0,8490;0,937
3,732319;-0,0156;0,3931;0,8560;0,942
3,745130;-0,0237;0,3965;0,8763;0,962
3,746338;-0,0281;0,4019;0,9118;0,997
3,746782;-0,0279;0,4031;0,9482;1,031
3,761584;-0,0210;0,4058;0,9855;1,066
3,762691;-0,0064;0,4068;1,0246;1,102
3,763230;0,0078;0,4139;1,0767;1,153
3,767556;0,0188;0,4202;1,1160;1,193
3,772207;0,0286;0,4217;1,1451;1,221
3,777507;0,0396;0,4246;1,1651;1,241
3,782705;0,0564;0,4253;1,1790;1,255
3,787913;0,0752;0,4295;1,1917;1,269
3,792787;0,0853;0,4344;1,2113;1,290
3,797752;0,0899;0,4356;1,2367;1,314
3,804685;0,0977;0,4383;1,2609;1,338
3,808176;0,1041;0,4395;1,2919;1,369
3,813625;0,1124;0,4373;1,3300;1,405
3,818067;0,1224;0,4319;1,3671;1,439
3,822917;0,1341;0,4246;1,3823;1,452
3,828058;0,1390;0,4200;1,3833;1,452
3,833228;0,1390;0,4212;1,3615;1,432
3,846790;0,1324;0,4244;1,3200;1,393
3,848039;0,1263;0,4327;1,2604;1,339
3,848508;0,1156;0,4400;1,1949;1,279
3,860603;0,1002;0,4461;1,1258;1,215
3,861565;0,0889;0,4481;1,0564;1,151
3,862585;0,0799;0,4412;0,9841;1,081
3,867659;0,0784;0,4324;0,8993;1,001
3,872659;0,0936;0,4273;0,8429;0,950
3,877967;0,1136;0,4248;0,7996;0,913
3,882751;0,1356;0,4244;0,7801;0,898
3,887851;0,1459;0,4129;0,7991;0,911
3,892944;0,1434;0,3880;0,8656;0,959
3,897758;0,1351;0,3442;0,9623;1,031
3,903923;0,1327;0,2946;1,0525;1,101
3,908086;0,1214;0,2509;1,1463;1,180
3,912873;0,0958;0,2096;1,2384;1,260
3,918020;0,0713;0,1727;1,3398;1,353
3,923253;0,0476;0,1373;1,4060;1,413
3,928374;0,0322;0,1160;1,4575;1,462
3,932997;0,0166;0,1002;1,4971;1,501
3,943095;-0,0012;0,0909;1,5145;1,517
3,944783;-0,0134;0,0858;1,5064;1,509
3,948287;-0,0137;0,0880;1,4671;1,470
3,956111;-0,0010;0,0992;1,3984;1,402
3,958057;0,0208;0,1224;1,3107;1,317
3,963194;0,0425;0,1549;1,2245;1,235
3,968571;0,0520;0,1827;1,1219;1,138
3,973602;0,0579;0,1994;1,0344;1,055
3,978634;0,0662;0,2096;0,9372;0,963
3,983366;0,0730;0,2196;0,8416;0,873
3,989921;0,0718;0,2309;0,7622;0,800
3,993611;0,0613;0,2433;0,7046;0,748
3,998503;0,0557;0,2560;0,6670;0,717
4,004077;0,0486;0,2599;0,6423;0,695
4,008796;0,0423;0,2592;0,6288;0,681
4,013646;0,0381;0,2568;0,6235;0,675
4,021229;0,0379;0,2529;0,6215;0,672
4,023928;0,0408;0,2431;0,6359;0,682
4,029162;0,0428;0,2350;0,6628;0,705
4,034087;0,0479;0,2250;0,6994;0,736
4,039006;0,0508;0,2162;0,7376;0,770
4,044153;0,0523;0,2094;0,7859;0,815
4,049103;0,0425;0,2006;0,8482;0,873
4,062839;0,0354;0,1864;0,9157;0,935
4,063835;0,0335;0,1669;0,9667;0,982
4,064239;0,0371;0,1510;0,9990;1,011
4,077672;0,0408;0,1405;1,0197;1,030
4,078690;0,0432;0,1407;1,0188;1,029
4,079162;0,0428;0,1454;1,0078;1,019
4,083801;0,0447;0,1549;0,9863;0,999
4,088854;0,0513;0,1683;0,9523;0,968
4,094146;0,0550;0,1830;0,9081;0,928
4,098890;0,0625;0,1989;0,8626;0,887
4,104563;0,0647;0,2157;0,8199;0,850
4,109175;0,0638;0,2304;0,7845;0,820
4,114176;0,0633;0,2426;0,7503;0,791
4,120449;0,0599;0,2507;0,7151;0,760
4,124327;0,0493;0,2602;0,6738;0,724
4,129415;0,0410;0,2653;0,6462;0,700
4,134192;0,0349;0,2704;0,6247;0,682
4,140090;0,0335;0,2753;0,6103;0,670
4,144169;0,0425;0,2807;0,6088;0,672
4,149262;0,0474;0,2851;0,6159;0,680
4,159357;0,0525;0,2863;0,6306;0,695
4,160510;0,0557;0,2853;0,6533;0,715
4,164855;0,0508;0,2839;0,6811;0,740
4,169748;0,0452;0,2748;0,7114;0,764
4,177237;0,0386;0,2634;0,7490;0,795
4,179338;0,0315;0,2590;0,7796;0,822
4,184291;0,0269;0,2536;0,8084;0,848
4,189276;0,0230;0,2531;0,8348;0,873
4,194698;0,0244;0,2558;0,8560;0,894
4,199318;0,0303;0,2580;0,8673;0,905
4,205275;0,0337;0,2612;0,8741;0,913
4,209716;0,0381;0,2668;0,8876;0,928
4,214639;0,0386;0,2709;0,9130;0,953
4,220369;0,0379;0,2719;0,9279;0,968
4,224799;0,0425;0,2719;0,9325;0,972
4,229675;0,0577;0,2736;0,9286;0,970
4,235041;0,0672;0,2807;0,9201;0,964
4,244828;0,0811;0,2922;0,9152;0,964
4,246105;0,0901;0,3010;0,9166;0,969
4,250313;0,0945;0,3081;0,9213;0,976
4,258912;0,0914;0,3125;0,9289;0,984
4,259968;0,0904;0,3183;0,9389;0,995
4,264646;0,0875;0,3213;0,9555;1,012
4,269839;0,0880;0,3222;0,9792;1,035
4,274946;0,0833;0,3210;1,0153;1,068
4,280023;0,0772;0,3215;1,0654;1,116
4,287324;0,0718;0,3181;1,1221;1,169
4,290290;0,0640;0,3086;1,1609;1,203
4,295394;0,0623;0,3017;1,1905;1,230
4,300334;0,0611;0,2993;1,2118;1,250
4,307733;0,0596;0,2993;1,2250;1,262
4,310076;0,0555;0,3042;1,2340;1,272
4,315559;0,0559;0,3103;1,2403;1,280
4,320374;0,0567;0,3156;1,2384;1,279
4,325644;0,0613;0,3188;1,2377;1,280
4,330610;0,0672;0,3232;1,2347;1,278
4,337308;0,0684;0,3271;1,2315;1,276
4,340442;0,0738;0,3298;1,2311;1,277
4,345207;0,0818;0,3313;1,2335;1,280
4,350359;0,0921;0,3349;1,2296;1,278
4,359892;0,1080;0,3393;1,2215;1,272
4,360919;0,1236;0,3462;1,2074;1,262
4,366088;0,1388;0,3560;1,1905;1,250
4,375182;0,1551;0,3618;1,1714;1,236
4,376103;0,1752;0,3652;1,1536;1,223
4,380552;0,1857;0,3679;1,1475;1,219
4,386979;0,1915;0,3711;1,1627;1,235
4,390609;0,1940;0,3706;1,1719;1,244
4,395800;0,1989;0,3638;1,1783;1,249
4,400435;0,2038;0,3528;1,1844;1,253
4,405651;0,2067;0,3413;1,1800;1,246
4,410621;0,2096;0,3352;1,1776;1,242
4,415603;0,2062;0,3325;1,1712;1,235
4,420808;0,2023;0,3301;1,1548;1,218
4,426290;0,2018;0,3240;1,1297;1,192
4,430845;0,2006;0,3152;1,0889;1,151
4,443255;0,1972;0,3130;1,0561;1,119
4,444565;0,1903;0,3112;1,0236;1,087
4,446068;0,1864;0,3083;0,9885;1,052
4,450975;0,1862;0,3068;0,9560;1,021
4,461110;0,1827;0,2995;0,9345;0,998
4,462223;0,1735;0,2951;0,9159;0,978
4,466132;0,1664;0,2893;0,9054;0,965
4,471542;0,1649;0,2802;0,8978;0,955
4,476132;0,1652;0,2707;0,9003;0,954
4,481152;0,1603;0,2587;0,9284;0,977
4,487945;0,1593;0,2453;0,9574;1,001
4,491028;0,1678;0,2321;0,9838;1,025
4,496416;0,1730;0,2179;1,0170;1,054
4,501837;0,1766;0,2147;1,0776;1,113
4,507057;0,1752;0,2113;1,1541;1,186
4,511378;0,1644;0,2011;1,2345;1,262
4,516383;0,1478;0,1876;1,2909;1,313
4,522389;0,1226;0,1710;1,3215;1,338
4,526598;0,0938;0,1571;1,3280;1,341
4,531668;0,0596;0,1490;1,2960;1,306
4,545528;0,0379;0,1544;1,2413;1,251
4,546608;0,0225;0,1649;1,1668;1,179
4,547133;0,0144;0,1796;1,0803;1,095
4,553503;0,0171;0,1981;0,9973;1,017
4,562873;0,0232;0,2125;0,9091;0,934
4,563958;0,0420;0,2260;0,8248;0,856
4,566615;0,0596;0,2409;0,7446;0,785
4,571435;0,0738;0,2526;0,6845;0,733
4,576794;0,0860;0,2670;0,6411;0,700
4,581806;0,0889;0,2763;0,6117;0,677
4,587211;0,0872;0,2822;0,6081;0,676
4,591966;0,0836;0,2829;0,6122;0,680
4,597106;0,0787;0,2819;0,6208;0,686
4,604024;0,0750;0,2780;0,6350;0,697
4,607540;0,0704;0,2763;0,6560;0,715
4,612260;0,0677;0,2753;0,6767;0,734
4,617263;0,0667;0,2748;0,6960;0,751
4,622599;0,0682;0,2736;0,7288;0,781
4,627296;0,0662;0,2744;0,7715;0,822
4,632602;0,0660;0,2712;0,8170;0,863
4,646263;0,0616;0,2553;0,8382;0,878
4,647209;0,0557;0,2463;0,8558;0,892
4,647597;0,0555;0,2475;0,8785;0,914
4,665349;0,0547;0,2516;0,8883;0,925
4,666427;0,0552;0,2533;0,8937;0,931
4,666927;0,0579;0,2555;0,8954;0,933
4,667331;0,0555;0,2595;0,8986;0,937
4,673820;0,0469;0,2660;0,9032;0,943
4,677907;0,0322;0,2678;0,9066;0,946
4,682871;0,0195;0,2697;0,9118;0,951
4,687939;0,0034;0,2702;0,9152;0,954
4,692616;-0,0083;0,2641;0,9103;0,948
4,697502;-0,0134;0,2573;0,9022;0,938
4,703278;-0,0144;0,2538;0,8871;0,923
4,707903;-0,0083;0,2546;0,8692;0,906
4,712668;0,0027;0,2580;0,8473;0,886
4,717970;0,0149;0,2619;0,8248;0,865
4,723253;0,0283;0,2695;0,7977;0,842
4,728047;0,0493;0,2761;0,7808;0,830
4,732996;0,0677;0,2832;0,7889;0,841
4,744139;0,0748;0,2810;0,8385;0,887
4,744991;0,0801;0,2761;0,8739;0,920
4,747568;0,0772;0,2746;0,9066;0,950
4,757834;0,0745;0,2704;0,9347;0,976
4,758719;0,0689;0,2692;0,9530;0,993
4,762658;0,0669;0,2678;0,9609;1,000
4,767691;0,0669;0,2692;0,9623;1,002
4,773144;0,0713;0,2709;0,9482;0,989
4,778098;0,0782;0,2790;0,9289;0,973
4,783037;0,0858;0,2880;0,8917;0,941
4,787983;0,0977;0,3054;0,8431;0,902
4,793558;0,1090;0,3164;0,8006;0,868
4,798352;0,1192;0,3261;0,7605;0,836
4,804841;0,1268;0,3342;0,7251;0,808
4,808039;0,1339;0,3425;0,6987;0,790
4,812913;0,1444;0,3489;0,6841;0,781
4,819683;0,1495;0,3572;0,6826;0,785
4,823806;0,1515;0,3601;0,6980;0,800
4,828360;0,1512;0,3599;0,7197;0,819
4,833379;0,1498;0,3545;0,7527;0,845
4,839059;0,1422;0,3462;0,8121;0,894
4,843440;0,1319;0,3320;0,8634;0,934
4,848086;0,1192;0,3232;0,9005;0,964
4,857707;0,1021;0,3156;0,9284;0,986
4,859266;0,0870;0,3071;0,9430;0,996
4,865866;0,0743;0,2995;0,9513;1,000
4,868655;0,0640;0,2978;0,9567;1,004
4,875315;0,0569;0,2981;0,9606;1,007
4,878363;0,0581;0,3005;0,9582;1,006
4,883010;0,0672;0,3088;0,9550;1,006
4,888177;0,0723;0,3161;0,9526;1,006
4,893238;0,0750;0,3244;0,9462;1,003
4,898442;0,0801;0,3310;0,9320;0,992
4,903470;0,0843;0,3364;0,9161;0,980
4,908309;0,0909;0,3450;0,9010;0,969
4,913348;0,0926;0,3516;0,8954;0,966
4,920155;0,0982;0,3606;0,9015;0,976
4,923457;0,0997;0,3652;0,9223;0,997
4,928493;0,0999;0,3699;0,9450;1,020
4,933783;0,1033;0,3731;0,9645;1,039
4,938884;0,1092;0,3770;0,9946;1,069
4,943619;0,1158;0,3845;1,0356;1,111
4,948704;0,1138;0,3880;1,0737;1,147
4,961262;0,1129;0,3919;1,1074;1,180
4,962448;0,1102;0,3921;1,1350;1,206
4,964400;0,1004;0,3897;1,1756;1,243
4,974880;0,0877;0,3848;1,2179;1,280
4,975663;0,0828;0,3757;1,2655;1,323
4,978826;0,0782;0,3657;1,3039;1,356
4,983673;0,0748;0,3552;1,3373;1,386
4,988784;0,0674;0,3523;1,3557;1,402
4,993813;0,0699;0,3506;1,3718;1,418
4,999163;0,0833;0,3560;1,3696;1,418
5,004317;0,1070;0,3618;1,3527;1,404
5,008896;0,1331;0,3679;1,3188;1,376
5,014076;0,1634;0,3787;1,2836;1,348
5,021812;0,1928;0,3892;1,2526;1,326
5,024445;0,2128;0,3926;1,2210;1,300
5,029199;0,2260;0,3909;1,1842;1,267
5,034461;0,2304;0,3801;1,1368;1,221
5,039519;0,2223;0,3721;1,0903;1,173
5,044426;0,1937;0,3608;1,0403;1,118
5,049411;0,1656;0,3472;1,0007;1,072
5,062206;0,1368;0,3332;0,9682;1,033
5,063428;0,1094;0,3176;0,9430;1,001
5,064480;0,0814;0,3017;0,9230;0,974
5,075063;0,0545;0,2844;0,9174;0,962
5,076046;0,0320;0,2643;0,9308;0,968
5,079345;0,0166;0,2460;0,9543;0,986
5,084250;0,0120;0,2270;0,9868;1,013
5,089595;0,0129;0,2165;1,0307;1,053
5,094608;0,0098;0,2062;1,1055;1,125
5,099213;-0,0027;0,1937;1,1661;1,182
5,104459;-0,0103;0,1796;1,2140;1,227
5,109249;-0,0037;0,1683;1,2423;1,254
5,114471;0,0078;0,1639;1,2592;1,270
5,121190;0,0208;0,1625;1,2692;1,280
5,124565;0,0313;0,1656;1,2706;1,282
5,130019;0,0437;0,1691;1,2589;1,271
5,135153;0,0552;0,1715;1,2467;1,260
5,145392;0,0682;0,1769;1,2423;1,257
5,146469;0,0801;0,1759;1,2486;1,264
5,149702;0,0887;0,1686;1,2562;1,271
5,157363;0,0948;0,1610;1,2589;1,273
5,159763;0,0970;0,1498;1,2599;1,272
5,165830;0,0997;0,1417;1,2521;1,264
5,170098;0,0992;0,1385;1,2345;1,246
5,174777;0,0960;0,1405;1,2108;1,223
5,179853;0,0892;0,1480;1,1824;1,195
5,186060;0,0870;0,1573;1,1502;1,164
5,190016;0,0877;0,1673;1,1214;1,137
5,194990;0,0941;0,1766;1,0891;1,107
5,199931;0,1038;0,1935;1,0564;1,079
5,205735;0,1121;0,2062;1,0205;1,047
5,210393;0,1175;0,2216;0,9811;1,013
5,215209;0,1217;0,2353;0,9362;0,973
5,220207;0,1226;0,2504;0,8883;0,931
5,225674;0,1234;0,2629;0,8419;0,891
5,230090;0,1241;0,2763;0,7974;0,853
5,237032;0,1300;0,2873;0,7571;0,820
5,247844;0,1363;0,2956;0,7256;0,795
5,249093;0,1439;0,3017;0,6933;0,770
5,250528;0,1534;0,3029;0,6760;0,756
5,267578;0,1566;0,3044;0,6657;0,749
5,269077;0,1529;0,2976;0,6660;0,745
5,269829;0,1424;0,2919;0,6648;0,740
5,270814;0,1341;0,2834;0,6652;0,735
5,275381;0,1217;0,2682;0,6701;0,732
5,280288;0,1102;0,2555;0,6855;0,740
5,286551;0,0921;0,2402;0,7124;0,757
5,290826;0,0728;0,2245;0,7500;0,786
5,295589;0,0537;0,2079;0,8001;0,828
5,300595;0,0283;0,1869;0,8353;0,856
5,306142;0,0110;0,1703;0,8651;0,882
5,310670;-0,0037;0,1590;0,8866;0,901
5,315508;-0,0154;0,1515;0,9008;0,914
5,321842;-0,0242;0,1466;0,9047;0,917
5,326120;-0,0296;0,1456;0,8986;0,911
5,330969;-0,0296;0,1456;0,8768;0,889
5,337692;-0,0247;0,1524;0,8482;0,862
5,347473;-0,0188;0,1590;0,8131;0,829
5,348473;-0,0117;0,1708;0,7657;0,785
5,351425;0,0029;0,1820;0,7312;0,754
5,359010;0,0161;0,1918;0,7004;0,726
5,360739;0,0271;0,2020;0,6748;0,705
5,365950;0,0352;0,2091;0,6594;0,693
5,370990;0,0379;0,2155;0,6496;0,685
5,376588;0,0327;0,2199;0,6455;0,683
5,381113;0,0237;0,2221;0,6562;0,693
5,386207;0,0125;0,2182;0,6853;0,719
5,391285;0,0022;0,2094;0,7290;0,758
5,396260;-0,0088;0,1976;0,7847;0,809
5,402799;-0,0127;0,1901;0,8492;0,870
5,406518;-0,0156;0,1830;0,8881;0,907
5,411440;-0,0142;0,1798;0,9069;0,925
5,416464;-0,0042;0,1825;0,9118;0,930
5,421795;0,0042;0,1903;0,9056;0,925
5,426641;0,0191;0,2042;0,8934;0,917
5,431369;0,0335;0,2187;0,8753;0,903
5,444993;0,0457;0,2362;0,8573;0,890
5,446401;0,0525;0,2531;0,8421;0,881
5,446978;0,0513;0,2668;0,8255;0,869
5,458825;0,0415;0,2726;0,7964;0,843
5,459905;0,0371;0,2729;0,7686;0,816
5,461639;0,0322;0,2770;0,7337;0,785
5,466321;0,0310;0,2841;0,7043;0,760
5,471491;0,0308;0,2934;0,6801;0,741
5,476572;0,0300;0,3071;0,6672;0,735
5,481631;0,0300;0,3156;0,6648;0,737
5,486810;0,0318;0,3210;0,6718;0,745
5,491690;0,0327;0,3237;0,6894;0,762
5,496516;0,0388;0,3244;0,7166;0,788
5,503801;0,0503;0,3218;0,7686;0,835
5,507232;0,0581;0,3213;0,8133;0,876
5,511662;0,0621;0,3220;0,8526;0,914
5,516912;0,0640;0,3230;0,8898;0,949
5,523557;0,0643;0,3266;0,9337;0,991
5,526917;0,0650;0,3240;0,9709;1,026
5,531725;0,0613;0,3161;0,9958;1,047
5,541982;0,0537;0,3134;1,0141;1,063
5,542726;0,0391;0,3112;1,0398;1,086
5,546757;0,0340;0,3049;1,0605;1,104
5,553042;0,0281;0,2966;1,0649;1,106
5,556825;0,0217;0,2929;1,0574;1,097
5,561988;0,0191;0,2995;1,0437;1,086
5,567144;0,0227;0,3086;1,0341;1,079
5,572055;0,0237;0,3203;1,0273;1,076
5,576974;0,0235;0,3276;1,0207;1,072
5,582271;0,0269;0,3323;1,0107;1,064
5,587500;0,0327;0,3354;1,0046;1,060
5,592318;0,0452;0,3371;1,0053;1,061
5,597056;0,0635;0,3415;1,0202;1,078
5,604056;0,0821;0,3494;1,0552;1,115
5,608212;0,0987;0,3547;1,0889;1,149
5,612374;0,1134;0,3555;1,1167;1,177
5,618029;0,1248;0,3562;1,1431;1,204
5,623864;0,1334;0,3525;1,1617;1,221
5,627489;0,1349;0,3501;1,1661;1,225
5,632434;0,1351;0,3474;1,1653;1,224
5,643663;0,1371;0,3516;1,1614;1,221
5,644692;0,1412;0,3589;1,1517;1,215
5,647717;0,1380;0,3626;1,1343;1,199
5,661390;0,1390;0,3691;1,1055;1,174
5,662453;0,1419;0,3767;1,0752;1,148
5,662930;0,1402;0,3840;1,0464;1,123
5,667808;0,1395;0,3897;1,0283;1,108
5,672787;0,1366;0,3914;1,0139;1,095
5,677943;0,1341;0,3926;1,0026;1,085
5,682920;0,1331;0,3909;0,9919;1,074
5,687996;0,1329;0,3872;0,9870;1,069
5,693092;0,1314;0,3787;0,9904;1,068
5,698631;0,1256;0,3657;1,0019;1,074
5,703068;0,1185;0,3486;1,0368;1,100
5,707815;0,1014;0,3283;1,0774;1,131
5,712880;0,0880;0,3122;1,1206;1,167
5,718286;0,0740;0,2981;1,1590;1,199
5,722819;0,0586;0,2829;1,1912;1,226
5,727828;0,0530;0,2700;1,2159;1,247
5,732888;0,0452;0,2577;1,2335;1,261
5,745544;0,0398;0,2516;1,2418;1,268
5,746739;0,0418;0,2499;1,2362;1,262
5,747835;0,0479;0,2563;1,2113;1,239
5,763686;0,0525;0,2656;1,1719;1,203
5,764885;0,0533;0,2792;1,1004;1,136
5,765678;0,0530;0,2902;1,0322;1,074
5,773306;0,0528;0,2932;0,9699;1,015
5,774449;0,0489;0,2959;0,9008;0,949
5,778196;0,0469;0,2954;0,8365;0,888
5,783548;0,0498;0,2978;0,7832;0,839
5,788600;0,0486;0,3020;0,7461;0,806
5,793600;0,0518;0,3066;0,7231;0,787
5,798630;0,0557;0,3044;0,7163;0,780
5,804771;0,0601;0,3083;0,7278;0,793
5,808410;0,0586;0,3007;0,7588;0,818
5,813665;0,0459;0,2883;0,7964;0,848
5,821562;0,0423;0,2739;0,8438;0,888
5,824709;0,0450;0,2660;0,8966;0,936
5,829129;0,0474;0,2607;0,9501;0,986
5,833676;0,0442;0,2507;0,9924;1,024
5,839070;0,0354;0,2399;1,0214;1,050
5,843931;0,0305;0,2343;1,0383;1,065
5,848756;0,0198;0,2387;1,0469;1,074
5,862355;0,0056;0,2416;1,0505;1,078
5,863637;-0,0144;0,2453;1,0451;1,074
5,864225;-0,0266;0,2492;1,0324;1,062
5,869786;-0,0374;0,2538;1,0105;1,043
5,876233;-0,0447;0,2614;0,9758;1,011
5,878644;-0,0498;0,2687;0,9398;0,979
5,883996;-0,0525;0,2785;0,9003;0,944
5,888969;-0,0550;0,2890;0,8644;0,913
5,894021;-0,0577;0,2973;0,8280;0,882
5,898955;-0,0545;0,2995;0,7820;0,839
5,904428;-0,0432;0,3022;0,7376;0,798
5,909114;-0,0259;0,3147;0,6980;0,766
5,914379;-0,0203;0,3318;0,6797;0,757
5,920270;-0,0107;0,3396;0,6736;0,754
5,924474;0,0005;0,3484;0,6799;0,764
5,929499;0,0068;0,3491;0,6933;0,776
5,934674;0,0127;0,3472;0,7202;0,800
5,939599;0,0107;0,3442;0,7517;0,827
5,944941;0,0120;0,3371;0,7845;0,854
5,949509;0,0183;0,3342;0,8157;0,882
5,961226;0,0244;0,3340;0,8407;0,905
5,962276;0,0261;0,3318;0,8653;0,927
5,964745;0,0242;0,3293;0,8778;0,938
5,977924;0,0252;0,3310;0,8829;0,943
5,979148;0,0349;0,3369;0,8807;0,944
5,979755;0,0476;0,3464;0,8758;0,943
5,984750;0,0579;0,3540;0,8702;0,941
5,989769;0,0672;0,3643;0,8609;0,937
5,994757;0,0853;0,3733;0,8524;0,934
5,999674;0,1087;0,3840;0,8436;0,933
6,004699;0,1302;0,3928;0,8348;0,932
6,010086;0,1441;0,4009;0,8299;0,933
6,014305;0,1637;0,4024;0,8380;0,944
6,020201;0,1766;0,4075;0,8553;0,964
6,025027;0,1827;0,4058;0,8651;0,973
6,029751;0,1842;0,4002;0,8724;0,977
6,036037;0,1786;0,3916;0,8775;0,977
6,039973;0,1764;0,3860;0,8949;0,990
6,044800;0,1776;0,3850;0,9293;1,022
6,049574;0,1801;0,3931;0,9706;1,063
6,060477;0,1803;0,3921;1,0109;1,099
6,061731;0,1847;0,3892;1,0654;1,149
6,064799;0,1925;0,3892;1,1131;1,195
6,075363;0,1935;0,3887;1,1629;1,241
6,076355;0,1967;0,3916;1,2049;1,282
6,079813;0,1984;0,3963;1,2372;1,314
6,086242;0,1908;0,4065;1,2628;1,340
6,089985;0,1842;0,4156;1,2750;1,354
6,094987;0,1835;0,4239;1,2716;1,353
6,099985;0,1886;0,4329;1,2511;1,337
6,104977;0,1925;0,4437;1,2264;1,318
6,110142;0,1950;0,4529;1,1920;1,290
6,115043;0,1979;0,4659;1,1580;1,264
6,120749;0,1957;0,4788;1,1294;1,242
6,125703;0,1945;0,4881;1,1043;1,223
6,130569;0,1962;0,4945;1,0847;1,208
6,145280;0,2001;0,4979;1,0786;1,205
6,146382;0,2072;0,4994;1,0913;1,218
6,146971;0,2079;0,4942;1,1179;1,240
6,150618;0,2047;0,4876;1,1548;1,270
6,159031;0,1950;0,4832;1,1929;1,302
6,160124;0,1852;0,4757;1,2240;1,326
6,165314;0,1727;0,4691;1,2279;1,326
6,170231;0,1598;0,4622;1,2296;1,323
6,175433;0,1454;0,4503;1,2281;1,316
6,180754;0,1327;0,4422;1,2345;1,318
6,186396;0,1217;0,4349;1,2403;1,320
6,190826;0,1129;0,4297;1,2450;1,322
6,195994;0,1033;0,4192;1,2377;1,311
6,201010;0,0916;0,4119;1,2235;1,294
6,206197;0,0818;0,4082;1,2022;1,272
6,211113;0,0765;0,4068;1,1776;1,248
6,216205;0,0704;0,4012;1,1644;1,234
6,221036;0,0745;0,3953;1,1558;1,224
6,226201;0,0738;0,3877;1,1431;1,209
6,231473;0,0696;0,3760;1,1277;1,191
6,246624;0,0665;0,3652;1,1104;1,171
6,247836;0,0667;0,3479;1,0972;1,153
6,248324;0,0696;0,3364;1,0906;1,143
6,251409;0,0755;0,3232;1,0894;1,139
6,266790;0,0862;0,3049;1,0942;1,139
6,268137;0,0958;0,2866;1,1192;1,159
6,268882;0,0994;0,2656;1,1468;1,181
6,271152;0,0980;0,2460;1,1732;1,203
6,276160;0,0899;0,2262;1,1956;1,220
6,281046;0,0840;0,2106;1,2103;1,231
6,286243;0,0855;0,1991;1,2259;1,245
6,291164;0,0987;0,1962;1,2345;1,254
6,296339;0,1182;0,2001;1,2328;1,254
6,301490;0,1471;0,2125;1,2135;1,241
6,306807;0,1776;0,2245;1,1800;1,214
6,311546;0,1935;0,2348;1,1150;1,156
6,316410;0,1998;0,2455;1,0444;1,091
6,321663;0,1974;0,2553;0,9609;1,014
6,326631;0,1896;0,2658;0,8861;0,944
6,331486;0,1764;0,2775;0,8411;0,903
6,345253;0,1466;0,2751;0,8226;0,880
6,346441;0,0992;0,2568;0,8336;0,878
6,346952;0,0469;0,2231;0,8553;0,885
6,360740;0,0046;0,1893;0,8602;0,881
6,361745;-0,0169;0,1681;0,8487;0,865
6,362092;-0,0281;0,1600;0,8260;0,842
6,366620;-0,0276;0,1620;0,8155;0,832
6,371988;-0,0225;0,1661;0,8182;0,835
6,376605;-0,0249;0,1673;0,8275;0,845
6,381857;-0,0293;0,1581;0,8438;0,859
6,386991;-0,0342;0,1463;0,8636;0,877
6,391962;-0,0279;0,1383;0,8854;0,897
6,396981;-0,0183;0,1346;0,9098;0,920
6,403036;-0,0066;0,1317;0,9333;0,943
6,407105;0,0105;0,1290;0,9587;0,967
6,411882;0,0300;0,1273;0,9816;0,990
6,416993;0,0528;0,1261;0,9948;1,004
6,422405;0,0738;0,1234;0,9968;1,007
6,427188;0,0889;0,1283;0,9938;1,006
6,432045;0,0994;0,1334;0,9777;0,992
6,446286;0,1053;0,1449;0,9596;0,976
6,447801;0,1112;0,1578;0,9333;0,953
6,448384;0,1153;0,1752;0,9066;0,931
6,460860;0,1170;0,1930;0,8802;0,909
6,461880;0,1187;0,2099;0,8536;0,887
6,462285;0,1163;0,2257;0,8223;0,861
6,466953;0,1097;0,2377;0,7935;0,836
6,472229;0,1090;0,2516;0,7657;0,813
6,477329;0,1085;0,2641;0,7395;0,793
6,482416;0,1029;0,2783;0,7231;0,782
6,487343;0,0963;0,2905;0,7090;0,772
6,492588;0,0965;0,3012;0,6953;0,764
6,497286;0,0960;0,3093;0,6946;0,766
6,503979;0,0875;0,3139;0,7136;0,785
6,507612;0,0701;0,3066;0,7390;0,803
6,512374;0,0528;0,2924;0,7588;0,815
6,517660;0,0420;0,2783;0,7661;0,816
6,523323;0,0315;0,2714;0,7745;0,821
6,527390;0,0188;0,2651;0,7898;0,833
6,532341;0,0083;0,2582;0,8077;0,848
6,544428;0,0059;0,2555;0,8284;0,867
6,545713;0,0039;0,2489;0,8490;0,885
6,547452;0,0012;0,2409;0,8639;0,897
6,560284;0,0002;0,2360;0,8763;0,908
6,561105;-0,0007;0,2316;0,8898;0,919
6,562469;-0,0017;0,2316;0,9003;0,930
6,567821;-0,0034;0,2336;0,9088;0,938
6,572813;-0,0007;0,2406;0,9137;0,945
6,577821;0,0020;0,2516;0,9132;0,947
6,582550;0,0056;0,2595;0,8922;0,929
6,587499;0,0117;0,2663;0,8646;0,905
6,592510;0,0217;0,2788;0,8360;0,882
6,597418;0,0327;0,2932;0,8177;0,869
6,602782;0,0420;0,3112;0,8001;0,860
6,607912;0,0481;0,3283;0,7766;0,845
6,612651;0,0559;0,3406;0,7515;0,827
6,619663;0,0628;0,3538;0,7256;0,810
6,623117;0,0616;0,3650;0,7273;0,816
6,628139;0,0552;0,3738;0,7539;0,843
6,633152;0,0450;0,3713;0,8006;0,884
6,639385;0,0357;0,3594;0,8504;0,924
6,643153;0,0293;0,3498;0,9010;0,967
6,648364;0,0252;0,3386;0,9484;1,007
6,661415;0,0293;0,3291;0,9968;1,050
6,662871;0,0376;0,3298;1,0427;1,094
6,663334;0,0369;0,3296;1,0825;1,132
6,673011;0,0349;0,3332;1,1331;1,182
6,674025;0,0271;0,3332;1,1722;1,219
6,678319;0,0149;0,3281;1,2020;1,246
6,683203;0,0010;0,3203;1,2245;1,266
6,688392;-0,0159;0,3176;1,2384;1,279
6,693356;-0,0318;0,3166;1,2528;1,293
6,698318;-0,0425;0,3152;1,2628;1,302
6,703700;-0,0450;0,3147;1,2731;1,312
6,708574;-0,0518;0,3200;1,2885;1,329
6,713745;-0,0513;0,3225;1,3022;1,342
6,719356;-0,0410;0,3310;1,3237;1,365
6,723991;-0,0230;0,3381;1,3381;1,380
6,728426;0,0029;0,3430;1,3447;1,388
6,733662;0,0220;0,3494;1,3439;1,389
6,738475;0,0408;0,3535;1,3500;1,396
6,743494;0,0584;0,3540;1,3564;1,403
6,748446;0,0760;0,3498;1,3571;1,404
6,758762;0,0980;0,3481;1,3581;1,405
6,759932;0,1175;0,3513;1,3603;1,410
6,764262;0,1351;0,3577;1,3542;1,407
6,776468;0,1571;0,3604;1,3547;1,411
6,777596;0,1715;0,3650;1,3608;1,419
6,778599;0,1815;0,3626;1,3679;1,427
6,783955;0,1881;0,3601;1,3657;1,425
6,788822;0,1871;0,3560;1,3559;1,414
6,793934;0,1859;0,3474;1,3376;1,394
6,798814;0,1769;0,3386;1,3053;1,360
6,804487;0,1593;0,3288;1,2658;1,317
6,808952;0,1378;0,3213;1,2162;1,265
6,813989;0,1146;0,3191;1,1649;1,213
6,819703;0,0899;0,3103;1,1008;1,147
6,824513;0,0745;0,3029;1,0662;1,111
6,829083;0,0645;0,2951;1,0334;1,077
6,834416;0,0547;0,2885;1,0131;1,055
6,839382;0,0511;0,2800;0,9992;1,039
6,844242;0,0489;0,2746;0,9980;1,036
6,849411;0,0501;0,2687;1,0068;1,043
6,860962;0,0557;0,2617;1,0178;1,052
6,862353;0,0613;0,2558;1,0368;1,070
6,864311;0,0701;0,2465;1,0600;1,091
6,877018;0,0755;0,2389;1,0901;1,119
6,877988;0,0818;0,2360;1,1157;1,143
6,879396;0,0848;0,2370;1,1314;1,159
6,884231;0,0911;0,2358;1,1270;1,155
6,889315;0,0945;0,2355;1,1043;1,133
6,894470;0,0975;0,2458;1,0657;1,098
6,899196;0,1024;0,2565;1,0095;1,047
6,904440;0,1114;0,2744;0,9374;0,983
6,909306;0,1202;0,2939;0,8624;0,919
6,914448;0,1324;0,3203;0,7962;0,868
6,920477;0,1476;0,3425;0,7256;0,816
6,924551;0,1688;0,3650;0,6875;0,796
6,929545;0,1769;0,3740;0,6823;0,798
6,935250;0,1798;0,3672;0,7021;0,813
6,939704;0,1744;0,3469;0,7283;0,825
6,944452;0,1700;0,3227;0,7505;0,834
6,949681;0,1634;0,3044;0,7669;0,841
6,954544;0,1507;0,2961;0,7930;0,860
6,959667;0,1261;0,2873;0,8272;0,885
6,964740;0,1031;0,2763;0,8553;0,905
6,976761;0,0853;0,2634;0,8768;0,919
6,977993;0,0706;0,2480;0,8883;0,925
6,979989;0,0599;0,2392;0,8907;0,924
6,985949;0,0545;0,2362;0,8878;0,920
6,995492;0,0535;0,2380;0,8793;0,912
6,996506;0,0489;0,2426;0,8585;0,893
6,999924;0,0445;0,2467;0,8297;0,867
7,005174;0,0386;0,2536;0,7979;0,838
7,010843;0,0296;0,2575;0,7613;0,804
7,014840;0,0164;0,2631;0,7285;0,775
7,020007;0,0046;0,2634;0,6892;0,738
7,024907;0,0051;0,2709;0,6674;0,720
7,029973;0,0117;0,2788;0,6586;0,715
7,036499;0,0220;0,2836;0,6479;0,708
7,040534;0,0291;0,2976;0,6359;0,703
7,045881;0,0305;0,3088;0,6244;0,697
7,050796;0,0261;0,3149;0,6237;0,699
7,056887;0,0166;0,3218;0,6269;0,705
7,060871;-0,0015;0,3210;0,6303;0,707
7,065908;-0,0134;0,3161;0,6354;0,710
7,078647;-0,0183;0,3105;0,6393;0,711
7,079741;-0,0159;0,3042;0,6540;0,721
7,080200;-0,0151;0,3059;0,6682;0,735
7,094582;-0,0134;0,3046;0,6872;0,752
7,095517;-0,0095;0,3015;0,7053;0,767
7,095989;-0,0081;0,2937;0,7183;0,776
7,101283;-0,0107;0,2871;0,7236;0,779
7,105887;-0,0137;0,2873;0,7356;0,790
7,110897;-0,0166;0,2875;0,7464;0,800
7,115354;-0,0193;0,2873;0,7549;0,808
7,120509;-0,0208;0,2912;0,7556;0,810
7,125550;-0,0215;0,2934;0,7573;0,812
7,130944;-0,0181;0,2985;0,7549;0,812
7,136338;-0,0117;0,3095;0,7522;0,814
7,140934;-0,0039;0,3230;0,7481;0,815
7,145714;0,0051;0,3384;0,7500;0,823
7,150742;0,0115;0,3516;0,7527;0,831
7,155785;0,0125;0,3574;0,7552;0,836
7,160862;0,0090;0,3633;0,7603;0,843
7,165740;0,0147;0,3652;0,7654;0,848
7,176198;0,0203;0,3740;0,7796;0,865
7,177374;0,0264;0,3843;0,7986;0,887
7,181293;0,0296;0,3894;0,8179;0,906
7,190295;0,0401;0,3933;0,8389;0,927
7,191195;0,0469;0,3965;0,8639;0,952
7,196052;0,0511;0,3990;0,8907;0,977
7,201209;0,0503;0,4026;0,9284;1,013
7,206199;0,0437;0,4053;0,9784;1,060
7,210949;0,0352;0,4036;1,0261;1,103
7,216118;0,0249;0,3999;1,0618;1,135
7,221413;0,0088;0,3926;1,0879;1,157
7,226637;-0,0132;0,3867;1,1121;1,177
7,231151;-0,0293;0,3870;1,1245;1,190
7,237747;-0,0425;0,3938;1,1275;1,195
7,241413;-0,0537;0,4029;1,1253;1,196
7,246379;-0,0603;0,4158;1,1263;1,202
7,259786;-0,0660;0,4253;1,1311;1,210
7,261301;-0,0645;0,4305;1,1336;1,214
7,262147;-0,0679;0,4402;1,1355;1,220
7,266894;-0,0706;0,4505;1,1390;1,227
7,277591;-0,0809;0,4537;1,1517;1,240
7,278591;-0,0875;0,4630;1,1785;1,269
7,281663;-0,0818;0,4652;1,2003;1,290
7,286768;-0,0633;0,4652;1,2162;1,304
7,291687;-0,0442;0,4659;1,2367;1,322
7,296514;-0,0266;0,4710;1,2687;1,354
7,302166;-0,0115;0,4749;1,3056;1,389
7,306673;0,0015;0,4759;1,3378;1,420
7,311622;0,0173;0,4781;1,3473;1,430
7,316823;0,0310;0,4801;1,3349;1,419
7,322141;0,0425;0,4837;1,3134;1,400
7,326942;0,0491;0,4896;1,2816;1,373
7,331890;0,0537;0,4952;1,2438;1,340
7,337216;0,0621;0,4986;1,1947;1,296
7,342192;0,0733;0,5020;1,1380;1,246
7,347028;0,0833;0,5062;1,0737;1,190
7,358690;0,0948;0,5116;1,0134;1,139
7,359856;0,1065;0,5165;0,9550;1,091
7,362170;0,1148;0,5174;0,8964;1,041
7,366997;0,1207;0,5133;0,8431;0,994
7,374814;0,1156;0,5057;0,8013;0,955
7,377018;0,1041;0,4911;0,7630;0,913
7,382009;0,0904;0,4771;0,7407;0,886
7,387059;0,0787;0,4581;0,7344;0,869
7,392195;0,0599;0,4356;0,7503;0,870
7,396958;0,0450;0,4058;0,8013;0,899
7,402736;0,0318;0,3647;0,8802;0,953
7,407124;0,0225;0,3220;0,9606;1,013
7,412295;0,0176;0,2822;1,0322;1,070
7,417559;0,0217;0,2507;1,1006;1,129
7,422560;0,0239;0,2226;1,1614;1,183
7,427380;0,0205;0,1935;1,2142;1,230
7,432303;0,0166;0,1776;1,2379;1,251
7,437741;0,0129;0,1676;1,2501;1,261
7,443132;0,0064;0,1600;1,2501;1,260
7,447698;0,0022;0,1568;1,2313;1,241
7,461138;-0,0024;0,1559;1,2042;1,214
7,462435;-0,0046;0,1603;1,1690;1,180
7,463063;0,0032;0,1705;1,1287;1,142
7,477190;0,0188;0,1871;1,0737;1,090
7,478405;0,0384;0,2055;1,0158;1,037
7,478832;0,0540;0,2309;0,9418;0,971
7,482842;0,0594;0,2455;0,8905;0,926
7,487668;0,0635;0,2587;0,8443;0,885
7,493065;0,0652;0,2704;0,7964;0,844
7,497573;0,0640;0,2866;0,7639;0,818
7,502843;0,0562;0,2959;0,7395;0,798
7,507724;0,0472;0,3007;0,7192;0,781
7,512834;0,0393;0,3015;0,7041;0,767
7,519259;0,0352;0,3049;0,7060;0,770
7,522891;0,0293;0,3083;0,7227;0,786
7,528098;0,0217;0,3012;0,7593;0,817
7,533147;0,0066;0,2907;0,8077;0,858
7,539317;-0,0161;0,2739;0,8509;0,894
7,543821;-0,0315;0,2548;0,8851;0,922
7,548065;-0,0484;0,2397;0,9144;0,947
7,558537;-0,0662;0,2257;0,9345;0,964
7,559523;-0,0826;0,2133;0,9374;0,965
7,563100;-0,0936;0,2050;0,9218;0,949
7,573544;-0,0906;0,2103;0,8968;0,926
7,574405;-0,0774;0,2199;0,8719;0,903
7,578161;-0,0491;0,2333;0,8524;0,885
7,583243;-0,0232;0,2448;0,8541;0,889
7,588419;0,0046;0,2587;0,8678;0,906
7,593800;0,0281;0,2726;0,8903;0,931
7,598469;0,0445;0,2814;0,9066;0,950
7,604160;0,0506;0,2871;0,9188;0,964
7,608249;0,0528;0,2866;0,9203;0,965
7,613341;0,0479;0,2871;0,9093;0,955
7,619136;0,0386;0,2851;0,8920;0,937
7,623513;0,0276;0,2895;0,8722;0,919
7,628336;0,0090;0,2951;0,8389;0,889
7,636759;-0,0024;0,3010;0,8025;0,857
7,639856;-0,0059;0,3112;0,7664;0,827
7,643517;-0,0061;0,3161;0,7327;0,798
7,648516;-0,0029;0,3210;0,7007;0,771
7,654005;0,0007;0,3261;0,6775;0,752
7,658503;0,0083;0,3315;0,6660;0,744
7,663564;0,0147;0,3359;0,6674;0,747
7,677882;0,0115;0,3354;0,6758;0,755
7,679111;0,0122;0,3301;0,6909;0,766
7,679549;0,0086;0,3244;0,7070;0,778
7,684163;0,0076;0,3181;0,7310;0,797
7,692377;0,0090;0,3108;0,7600;0,821
7,693823;0,0142;0,3049;0,7884;0,845
7,698654;0,0242;0,3012;0,8209;0,875
7,703980;0,0279;0,2946;0,8519;0,902
7,708954;0,0303;0,2861;0,8812;0,927
7,714039;0,0313;0,2800;0,9152;0,958
7,719976;0,0364;0,2807;0,9494;0,991
7,723981;0,0352;0,2819;0,9728;1,013
7,728980;0,0298;0,2788;0,9953;1,034
7,735447;0,0151;0,2744;1,0126;1,049
7,739195;0,0081;0,2722;1,0258;1,061
7,743984;0,0012;0,2707;1,0322;1,067
7,748919;0,0017;0,2692;1,0244;1,059
7,754489;0,0000;0,2722;1,0105;1,046
7,759219;-0,0051;0,2736;0,9951;1,032
7,764211;-0,0083;0,2827;0,9924;1,032
7,776945;-0,0142;0,2919;0,9936;1,036
7,778310;-0,0166;0,2988;0,9894;1,034
7,779295;-0,0161;0,3020;0,9689;1,015
7,785396;-0,0120;0,3076;0,9462;0,995
7,791322;-0,0015;0,3130;0,9252;0,977
7,794493;0,0120;0,3208;0,9181;0,973
7,799380;0,0286;0,3354;0,9262;0,985
7,804280;0,0476;0,3494;0,9504;1,014
7,809322;0,0577;0,3552;0,9865;1,050
7,814382;0,0608;0,3562;1,0361;1,097
7,819539;0,0552;0,3501;1,0855;1,142
7,824466;0,0428;0,3384;1,1231;1,174
7,829677;0,0281;0,3283;1,1543;1,200
7,835368;0,0107;0,3274;1,1661;1,211
7,839823;0,0056;0,3305;1,1712;1,217
7,844519;0,0127;0,3408;1,1734;1,222
7,849685;0,0178;0,3506;1,1822;1,233
7,855292;0,0252;0,3562;1,1983;1,250
7,860203;0,0401;0,3545;1,2181;1,269
7,865010;0,0667;0,3518;1,2308;1,282
7,877953;0,1021;0,3520;1,2408;1,294
7,879018;0,1371;0,3540;1,2508;1,307
7,879746;0,1642;0,3608;1,2733;1,334
7,886370;0,1896;0,3713;1,3017;1,367
7,893537;0,2047;0,3723;1,3351;1,401
7,894866;0,2179;0,3716;1,3603;1,427
7,899893;0,2248;0,3672;1,3825;1,448
7,905118;0,2206;0,3657;1,3984;1,462
7,910529;0,2135;0,3611;1,4062;1,467
7,915207;0,1998;0,3560;1,4023;1,461
7,920434;0,1840;0,3472;1,3762;1,431
7,925343;0,1659;0,3401;1,3383;1,391
7,930028;0,1495;0,3371;1,2826;1,335
7,935965;0,1302;0,3371;1,2399;1,291
7,940460;0,1185;0,3330;1,1934;1,245
7,945131;0,1119;0,3320;1,1521;1,204
7,950132;0,1065;0,3271;1,1082;1,160
7,955418;0,1046;0,3222;1,0696;1,122
7,960204;0,1031;0,3159;1,0319;1,084
7,965327;0,1116;0,3108;1,0009;1,054
7,978558;0,1214;0,3108;0,9782;1,034
7,979926;0,1297;0,3110;0,9714;1,028
7,980621;0,1358;0,3100;0,9689;1,026
7,997808;0,1471;0,3059;0,9667;1,025
7,998860;0,1559;0,3020;0,9675;1,025
7,999357;0,1603;0,2959;0,9699;1,027
8,000965;0,1625;0,2915;0,9650;1,021
8,006462;0,1659;0,2932;0,9518;1,010
8,010418;0,1686;0,2956;0,9320;0,992
8,015756;0,1615;0,2981;0,9301;0,990
8,020492;0,1459;0,2915;0,9530;1,007
8,025373;0,1222;0,2773;0,9750;1,021
8,030505;0,1038;0,2629;0,9811;1,021
8,036450;0,0921;0,2553;0,9714;1,009
8,040471;0,0838;0,2563;0,9508;0,988
8,045591;0,0752;0,2568;0,9254;0,963
8,056401;0,0711;0,2587;0,8944;0,934
8,057010;0,0721;0,2582;0,8585;0,899
8,060588;0,0789;0,2560;0,8233;0,866
8,065645;0,0860;0,2516;0,7933;0,837
8,071300;0,0897;0,2509;0,7715;0,816
8,075828;0,0870;0,2524;0,7534;0,799
8,080792;0,0831;0,2538;0,7327;0,780
8,085891;0,0721;0,2526;0,7104;0,757
8,090998;0,0640;0,2526;0,6909;0,738
8,095944;0,0547;0,2492;0,6760;0,723
8,102535;0,0472;0,2477;0,6589;0,706
8,106463;0,0442;0,2477;0,6550;0,702
8,111591;0,0406;0,2455;0,6569;0,702
8,116527;0,0357;0,2433;0,6648;0,709
8,121395;0,0340;0,2416;0,6718;0,715
8,126941;0,0357;0,2406;0,6826;0,725
8,131656;0,0374;0,2394;0,6899;0,731
8,136887;0,0457;0,2370;0,7068;0,747
8,141999;0,0506;0,2321;0,7261;0,764
8,146758;0,0621;0,2274;0,7522;0,788
8,152129;0,0748;0,2267;0,7859;0,821
8,156621;0,0831;0,2287;0,8355;0,870
8,161542;0,0909;0,2253;0,8920;0,924
8,166923;0,0992;0,2187;0,9396;0,970
8,179266;0,1048;0,2079;0,9694;0,997
8,180153;0,1080;0,2018;0,9758;1,002
8,181405;0,0960;0,1979;0,9731;0,998
8,196748;0,0762;0,2050;0,9494;0,974
8,198276;0,0608;0,2135;0,9169;0,943
8,198937;0,0537;0,2296;0,8739;0,905
8,206852;0,0479;0,2470;0,8272;0,865
8,208372;0,0450;0,2639;0,7859;0,830
8,212100;0,0415;0,2766;0,7520;0,802
8,216987;0,0432;0,2885;0,7234;0,780
8,222371;0,0445;0,2981;0,7021;0,764
8,227085;0,0467;0,3083;0,6863;0,754
8,231803;0,0469;0,3161;0,6721;0,744
8,236723;0,0503;0,3269;0,6601;0,738
8,241890;0,0616;0,3371;0,6503;0,735
8,246726;0,0713;0,3469;0,6543;0,744
8,260912;0,0811;0,3530;0,6738;0,765
8,262390;0,0880;0,3567;0,7021;0,792
8,262934;0,0877;0,3601;0,7439;0,831
8,267113;0,0855;0,3589;0,7940;0,876
8,275925;0,0740;0,3569;0,8358;0,912
8,276961;0,0574;0,3516;0,8788;0,948
8,282089;0,0437;0,3506;0,9193;0,985
8,287989;0,0291;0,3425;0,9460;1,006
8,292129;0,0195;0,3362;0,9650;1,022
8,296921;0,0220;0,3433;0,9833;1,042
8,301985;0,0315;0,3606;0,9973;1,061
8,307040;0,0452;0,3809;1,0058;1,076
8,312108;0,0589;0,3958;1,0021;1,079
8,318537;0,0735;0,4099;0,9960;1,080
8,322288;0,0853;0,4248;0,9887;1,079
8,327260;0,0965;0,4434;0,9831;1,083
8,332484;0,1094;0,4608;0,9799;1,088
8,337567;0,1114;0,4722;0,9626;1,078
8,342694;0,1107;0,4832;0,9533;1,074
8,347463;0,1107;0,4862;0,9455;1,069
8,360316;0,1046;0,4967;0,9430;1,071
8,361671;0,0936;0,5020;0,9533;1,081
8,362522;0,0740;0,5035;0,9638;1,090
8,378702;0,0589;0,4981;0,9809;1,102
8,380119;0,0457;0,4928;1,0058;1,121
8,380660;0,0315;0,4925;1,0530;1,163
8,382552;0,0147;0,4876;1,1194;1,221
8,389772;0,0034;0,4752;1,2267;1,315
8,392544;0,0000;0,4573;1,3195;1,397
8,397585;0,0046;0,4402;1,3894;1,457
8,403525;0,0078;0,4288;1,4294;1,492
8,407855;0,0068;0,4231;1,4544;1,515
8,412981;0,0044;0,4205;1,4580;1,517
8,419925;0,0029;0,4253;1,4497;1,511
8,423246;0,0017;0,4314;1,4285;1,492
8,427696;0,0066;0,4332;1,4016;1,467
8,433043;0,0181;0,4378;1,3715;1,440
8,438190;0,0293;0,4393;1,3364;1,407
8,443145;0,0432;0,4388;1,3119;1,384
8,448050;0,0511;0,4400;1,2882;1,362
8,462705;0,0586;0,4415;1,2743;1,350
8,463574;0,0608;0,4434;1,2645;1,341
8,463956;0,0572;0,4415;1,2496;1,327
8,478154;0,0479;0,4363;1,2264;1,303
8,479178;0,0410;0,4280;1,2015;1,276
8,479563;0,0315;0,4183;1,1697;1,243
8,483099;0,0203;0,4090;1,1304;1,202
8,488206;0,0122;0,4007;1,0830;1,155
8,493385;0,0037;0,3889;1,0522;1,122
8,498161;-0,0037;0,3792;1,0337;1,101
8,503428;-0,0081;0,3684;1,0251;1,089
8,508084;-0,0054;0,3584;1,0241;1,085
8,513358;-0,0034;0,3457;1,0207;1,078
8,519233;0,0029;0,3305;1,0117;1,064
8,523649;0,0107;0,3125;1,0039;1,051
8,528361;0,0286;0,2983;0,9982;1,042
8,533859;0,0523;0,2878;1,0039;1,046
8,538635;0,0787;0,2805;1,0219;1,063
8,543714;0,1092;0,2687;1,0515;1,091
8,548703;0,1319;0,2587;1,0833;1,122
8,560820;0,1415;0,2426;1,1074;1,142
8,562020;0,1336;0,2174;1,1209;1,150
8,565781;0,1163;0,1942;1,1380;1,160
8,574000;0,0882;0,1725;1,1519;1,168
8,574900;0,0613;0,1549;1,1492;1,161
8,578546;0,0298;0,1434;1,1341;1,143
8,583573;0,0020;0,1395;1,1092;1,118
8,588639;-0,0208;0,1407;1,0698;1,079
8,593726;-0,0249;0,1507;1,0056;1,017
8,598673;-0,0215;0,1642;0,9494;0,964
8,603922;-0,0176;0,1801;0,9000;0,918
8,608742;-0,0159;0,1979;0,8468;0,870
8,613757;-0,0144;0,2123;0,7935;0,822
8,619174;-0,0181;0,2274;0,7398;0,774
8,624253;-0,0215;0,2392;0,6828;0,724
8,629055;-0,0225;0,2531;0,6362;0,685
8,634450;-0,0283;0,2626;0,6022;0,658
8,639482;-0,0366;0,2692;0,5775;0,638
8,644448;-0,0381;0,2734;0,5614;0,626
8,649544;-0,0388;0,2770;0,5653;0,631
8,660289;-0,0396;0,2761;0,5880;0,651
8,661247;-0,0403;0,2687;0,6306;0,687
8,664465;-0,0418;0,2526;0,6990;0,744
8,676837;-0,0445;0,2331;0,7703;0,806
8,677955;-0,0447;0,2155;0,8389;0,867
8,679262;-0,0440;0,2011;0,9020;0,925
8,684894;-0,0418;0,1871;0,9496;0,969
8,689200;-0,0369;0,1801;0,9863;1,003
8,694359;-0,0330;0,1813;1,0163;1,033
8,699175;-0,0305;0,1791;1,0273;1,043
8,704306;-0,0288;0,1801;1,0256;1,042
8,709185;-0,0249;0,1783;1,0197;1,036
8,714413;-0,0139;0,1781;1,0029;1,019
8,719764;0,0002;0,1818;0,9855;1,002
8,724875;0,0127;0,1876;0,9719;0,990
8,729489;0,0239;0,2008;0,9606;0,982
8,735518;0,0320;0,2113;0,9545;0,978
8,739690;0,0362;0,2228;0,9506;0,977
8,744567;0,0384;0,2287;0,9394;0,968
8,749757;0,0335;0,2328;0,9218;0,951
8,755065;0,0259;0,2372;0,8995;0,931
8,759486;0,0213;0,2433;0,8692;0,903
8,764418;0,0134;0,2546;0,8360;0,874
8,774562;0,0024;0,2634;0,8013;0,843
8,775514;-0,0059;0,2702;0,7661;0,812
8,779790;-0,0139;0,2739;0,7346;0,784
8,789227;-0,0203;0,2775;0,7065;0,759
8,790199;-0,0271;0,2802;0,6779;0,734
8,794892;-0,0281;0,2836;0,6503;0,710
8,799868;-0,0293;0,2880;0,6381;0,701
8,804916;-0,0357;0,2856;0,6481;0,709
8,810355;-0,0437;0,2819;0,6826;0,740
8,815032;-0,0462;0,2712;0,7197;0,771
8,820318;-0,0493;0,2599;0,7510;0,796
8,825179;-0,0550;0,2519;0,7718;0,814
8,830179;-0,0591;0,2497;0,7972;0,837
8,835666;-0,0679;0,2560;0,8174;0,859
8,840573;-0,0740;0,2609;0,8287;0,872
8,845231;-0,0667;0,2687;0,8319;0,877
8,850494;-0,0559;0,2709;0,8355;0,880
8,855520;-0,0467;0,2785;0,8468;0,893
8,860673;-0,0340;0,2924;0,8634;0,912
8,865703;-0,0220;0,3054;0,8763;0,928
8,876287;-0,0110;0,3137;0,8871;0,941
8,877260;-0,0017;0,3213;0,8910;0,947
8,880622;0,0105;0,3254;0,8973;0,955
8,893008;0,0208;0,3335;0,9110;0,970
8,893903;0,0288;0,3396;0,9403;1,000
8,895411;0,0318;0,3459;0,9865;1,046
8,900904;0,0376;0,3506;1,0232;1,082
8,905887;0,0525;0,3518;1,0598;1,118
8,910532;0,0660;0,3525;1,0911;1,149
8,915733;0,0701;0,3560;1,1221;1,179
8,921092;0,0723;0,3628;1,1509;1,209
8,925861;0,0728;0,3652;1,1695;1,227
8,931088;0,0777;0,3672;1,1758;1,234
8,936206;0,0833;0,3726;1,1776;1,238
8,941154;0,0901;0,3745;1,1810;1,242
8,946129;0,1021;0,3738;1,1927;1,254
8,952610;0,1200;0,3738;1,2049;1,267
8,955895;0,1351;0,3704;1,2259;1,288
8,961217;0,1471;0,3689;1,2508;1,312
8,965886;0,1551;0,3630;1,2758;1,335
8,978496;0,1571;0,3567;1,2963;1,354
8,979822;0,1598;0,3496;1,3212;1,376
8,981153;0,1642;0,3440;1,3466;1,400
9,001713;0,1671;0,3337;1,3693;1,419
9,003200;0,1722;0,3252;1,3962;1,444
9,003762;0,1793;0,3186;1,4243;1,470
9,004219;0,1854;0,3078;1,4448;1,489
9,006556;0,1859;0,2988;1,4558;1,498
9,011279;0,1820;0,2929;1,4685;1,508
9,016357;0,1801;0,2932;1,4717;1,511
9,021960;0,1713;0,2946;1,4658;1,505
9,026796;0,1608;0,2946;1,4502;1,489
9,031494;0,1524;0,2939;1,4280;1,466
9,037219;0,1400;0,2973;1,3977;1,436
9,041793;0,1322;0,2954;1,3547;1,393
9,046786;0,1226;0,2910;1,2804;1,319
9,062133;0,0972;0,2883;1,2142;1,252
9,063372;0,0762;0,2829;1,1402;1,177
9,063935;0,0559;0,2795;1,0625;1,100
9,079316;0,0418;0,2748;0,9887;1,027
9,080481;0,0349;0,2707;0,9174;0,957
9,080998;0,0347;0,2685;0,8504;0,892
9,081593;0,0362;0,2668;0,7984;0,843
9,087059;0,0472;0,2660;0,7622;0,809
9,091784;0,0586;0,2609;0,7454;0,792
9,096974;0,0691;0,2531;0,7493;0,794
9,101784;0,0704;0,2365;0,7781;0,816
9,106827;0,0603;0,2179;0,8321;0,862
9,111504;0,0401;0,1932;0,8978;0,919
9,117085;0,0125;0,1715;0,9675;0,983
9,121885;-0,0154;0,1539;1,0288;1,040
9,126950;-0,0413;0,1439;1,0786;1,089
9,131729;-0,0721;0,1451;1,1131;1,125
9,137055;-0,0970;0,1456;1,1092;1,123
9,142376;-0,1143;0,1500;1,0877;1,104
9,147147;-0,1317;0,1649;1,0534;1,074
9,159637;-0,1439;0,1837;1,0188;1,045
9,160819;-0,1402;0,1952;0,9794;1,008
9,162182;-0,1295;0,2045;0,9264;0,958
9,169038;-0,1094;0,2191;0,8563;0,891
9,176185;-0,0799;0,2402;0,7762;0,816
9,177227;-0,0474;0,2636;0,7053;0,754
9,182074;-0,0156;0,2900;0,6560;0,717
9,187151;0,0171;0,3110;0,6252;0,698
9,192098;0,0425;0,3271;0,6088;0,692
9,197165;0,0630;0,3342;0,6000;0,690
9,202287;0,0770;0,3347;0,5959;0,688
9,207260;0,0777;0,3315;0,6000;0,690
9,212505;0,0713;0,3303;0,6215;0,707
9,218102;0,0586;0,3266;0,6462;0,726
9,222497;0,0418;0,3174;0,6806;0,752
9,227330;0,0220;0,3046;0,7263;0,788
9,232631;-0,0015;0,2878;0,7864;0,837
9,237522;-0,0200;0,2670;0,8416;0,883
9,242593;-0,0354;0,2467;0,8829;0,917
9,247698;-0,0459;0,2323;0,9161;0,946
9,261267;-0,0528;0,2235;0,9196;0,948
9,262717;-0,0493;0,2255;0,9115;0,940
9,263305;-0,0364;0,2314;0,8927;0,923
9,269416;-0,0171;0,2414;0,8771;0,910
9,279815;0,0068;0,2514;0,8590;0,895
9,281173;0,0335;0,2607;0,8328;0,873
9,282937;0,0528;0,2712;0,8148;0,860
9,288827;0,0630;0,2827;0,7984;0,849
9,292527;0,0687;0,2888;0,7864;0,841
9,297476;0,0689;0,2919;0,7708;0,827
9,303030;0,0635;0,2954;0,7561;0,814
9,308008;0,0530;0,2981;0,7456;0,805
9,312699;0,0369;0,2998;0,7324;0,792
9,318865;0,0208;0,3017;0,7236;0,784
9,323062;0,0029;0,3071;0,7170;0,780
9,328146;-0,0139;0,3103;0,7085;0,774
9,333106;-0,0261;0,3061;0,7038;0,768
9,338419;-0,0325;0,3049;0,6965;0,761
9,343478;-0,0296;0,3025;0,6929;0,757
9,348485;-0,0225;0,3042;0,6897;0,754
9,359041;-0,0103;0,3108;0,6887;0,756
9,359877;-0,0002;0,3139;0,6850;0,754
9,363371;0,0054;0,3198;0,6902;0,761
9,368905;0,0115;0,3208;0,7036;0,773
9,374914;0,0137;0,3230;0,7178;0,787
9,378128;0,0166;0,3220;0,7315;0,799
9,383263;0,0151;0,3205;0,7530;0,818
9,388216;0,0129;0,3237;0,7759;0,841
9,393208;0,0110;0,3210;0,8016;0,864
9,398083;0,0093;0,3210;0,8355;0,895
9,403252;0,0125;0,3257;0,8678;0,927
9,408217;0,0134;0,3308;0,9039;0,963
9,413545;0,0149;0,3347;0,9401;0,998
9,420452;0,0117;0,3369;0,9677;1,025
9,423756;0,0159;0,3413;0,9892;1,047
9,428436;0,0230;0,3464;1,0002;1,059
9,433730;0,0213;0,3589;1,0085;1,071
9,438488;0,0227;0,3718;1,0112;1,078
9,443789;0,0303;0,3845;1,0063;1,078
9,448808;0,0352;0,3977;0,9992;1,076
9,460254;0,0371;0,4121;0,9924;1,075
9,461259;0,0337;0,4214;0,9843;1,071
9,463772;0,0288;0,4273;0,9787;1,068
9,475517;0,0274;0,4334;0,9828;1,075
9,476847;0,0259;0,4376;1,0019;1,094
9,478894;0,0259;0,4358;1,0310;1,120
9,484598;0,0257;0,4295;1,0635;1,147
9,488780;0,0335;0,4302;1,1028;1,184
9,493826;0,0381;0,4300;1,1324;1,212
9,498791;0,0357;0,4334;1,1551;1,234
9,503972;0,0318;0,4385;1,1580;1,239
9,508980;0,0193;0,4420;1,1495;1,232
9,514195;0,0100;0,4439;1,1419;1,225
9,518976;0,0051;0,4476;1,1419;1,226
9,524456;-0,0027;0,4522;1,1624;1,247
9,528998;-0,0073;0,4498;1,2071;1,288
9,535447;-0,0046;0,4380;1,2518;1,326
9,539134;0,0090;0,4263;1,2924;1,361
9,544511;0,0269;0,4222;1,3425;1,408
9,549837;0,0435;0,4192;1,4165;1,478
9,554298;0,0794;0,4041;1,4622;1,519
9,559136;0,0884;0,3836;1,4974;1,548
9,564223;0,0884;0,3662;1,5130;1,559
9,576001;0,0872;0,3518;1,5061;1,549
9,577795;0,0828;0,3467;1,4829;1,525
9,579455;0,0770;0,3413;1,4441;1,486
9,593000;0,0667;0,3420;1,3896;1,433
9,594055;0,0572;0,3481;1,3185;1,365
9,594524;0,0430;0,3540;1,2381;1,288
9,599766;0,0271;0,3626;1,1311;1,188
9,604663;0,0010;0,3814;1,0527;1,120
9,609674;-0,0173;0,3899;0,9767;1,052
9,614523;-0,0225;0,4038;0,9081;0,994
9,619517;-0,0134;0,4183;0,8487;0,946
9,624800;0,0007;0,4412;0,7967;0,911
9,629632;0,0222;0,4681;0,7517;0,886
9,635517;0,0464;0,4967;0,7170;0,873
9,640000;0,0706;0,5192;0,6936;0,869
9,644831;0,0899;0,5414;0,6797;0,874
9,650119;0,1060;0,5504;0,6714;0,875
9,655506;0,1182;0,5502;0,6679;0,873
9,660141;0,1246;0,5487;0,6652;0,871
9,665341;0,1363;0,5411;0,6718;0,873
9,678431;0,1397;0,5221;0,6909;0,877
9,679486;0,1349;0,4891;0,7175;0,879
9,679973;0,1224;0,4500;0,7385;0,873
9,694819;0,1153;0,4085;0,7566;0,868
9,696557;0,1087;0,3655;0,7637;0,854
9,697713;0,1016;0,3271;0,7512;0,826
9,700395;0,0989;0,2981;0,7490;0,812
9,705060;0,1029;0,2641;0,7454;0,797
9,710205;0,1048;0,2536;0,7676;0,815
9,715059;0,1266;0,2492;0,7898;0,838
9,720153;0,1393;0,2470;0,8431;0,890
9,725375;0,1461;0,2409;0,9560;0,997
9,730635;0,1283;0,2314;1,1573;1,187
9,735701;0,1004;0,2040;1,3715;1,390
9,740601;0,0755;0,1578;1,5159;1,526
9,745720;0,0594;0,1026;1,5970;1,601
9,752784;0,0452;0,0638;1,6354;1,637
9,755647;0,0002;0,0486;1,6356;1,636
9,760924;-0,0281;0,0630;1,6058;1,607
9,766069;-0,0300;0,0955;1,5350;1,538
9,776337;-0,0142;0,1341;1,4084;1,415
9,777061;0,0139;0,1703;1,2499;1,261
9,781034;0,0352;0,2006;1,0840;1,103
9,797169;0,0428;0,2265;0,9281;0,956
9,798356;0,0349;0,2568;0,8050;0,846
9,798888;0,0169;0,2844;0,7253;0,779
9,804896;-0,0039;0,2990;0,6736;0,737
9,806004;-0,0088;0,2993;0,6323;0,700
9,810670;-0,0005;0,2883;0,6088;0,674
9,815918;0,0122;0,2748;0,5993;0,659
9,821139;0,0286;0,2663;0,6044;0,661
9,826043;0,0381;0,2626;0,6264;0,680
9,831288;0,0344;0,2626;0,6486;0,701
9,836112;0,0266;0,2629;0,6750;0,725
9,841402;0,0161;0,2573;0,7315;0,776
9,846483;-0,0049;0,2411;0,8170;0,852
9,853974;-0,0322;0,2091;0,9064;0,931
9,856684;-0,0550;0,1720;1,0012;1,017
9,862418;-0,0711;0,1502;1,0757;1,088
9,866709;-0,0779;0,1380;1,1270;1,138
9,878398;-0,0772;0,1290;1,1490;1,159
9,879523;-0,0699;0,1287;1,1653;1,175
9,881087;-0,0623;0,1339;1,1695;1,179
9,900616;-0,0489;0,1483;1,1597;1,170
9,902329;-0,0247;0,1661;1,1338;1,146
9,903031;-0,0042;0,1835;1,0869;1,102
9,903553;0,0071;0,1947;1,0385;1,057
9,906572;0,0147;0,2169;0,9733;0,997
9,911214;0,0078;0,2375;0,9142;0,945
9,916206;-0,0020;0,2570;0,8558;0,894
9,922034;-0,0122;0,2739;0,8001;0,846
9,926796;-0,0222;0,2851;0,7525;0,805
9,931360;-0,0325;0,2954;0,7122;0,772
9,936744;-0,0374;0,3034;0,6789;0,745
9,941858;-0,0362;0,3134;0,6516;0,724
9,946782;-0,0286;0,3261;0,6232;0,704
9,961551;-0,0166;0,3393;0,5978;0,688
9,962453;0,0010;0,3582;0,5678;0,671
9,962800;0,0115;0,3718;0,5502;0,664
9,966438;0,0249;0,3843;0,5372;0,661
9,981331;0,0364;0,3946;0,5309;0,662
9,982753;0,0415;0,4009;0,5338;0,669
9,983286;0,0413;0,4009;0,5372;0,672
9,990523;0,0347;0,3968;0,5358;0,668
9,991399;0,0259;0,3902;0,5326;0,661
9,996386;0,0147;0,3862;0,5279;0,654
10,001839;0,0039;0,3894;0,5238;0,653
10,006694;0,0037;0,3982;0,5443;0,674
10,011595;0,0015;0,3999;0,5983;0,720
10,016721;-0,0042;0,3980;0,6931;0,799
10,022187;-0,0303;0,3823;0,8609;0,943
10,026718;-0,0535;0,3450;1,0105;1,069
10,032038;-0,0674;0,2990;1,1104;1,152
10,037070;-0,0828;0,2536;1,1509;1,181
10,041905;-0,0941;0,2262;1,1619;1,187
10,047092;-0,1033;0,2265;1,1475;1,174
10,060286;-0,1048;0,2431;1,1140;1,145
10,061151;-0,0840;0,2792;1,0569;1,096
10,062109;-0,0523;0,3090;1,0056;1,053
10,069744;-0,0235;0,3352;0,9596;1,017
10,080646;0,0044;0,3584;0,9225;0,990
10,081921;0,0247;0,3772;0,8956;0,972
10,082471;0,0432;0,3936;0,8795;0,965
10,088887;0,0445;0,4036;0,8707;0,961
10,092180;0,0374;0,4092;0,8775;0,969
10,097284;0,0286;0,4117;0,8988;0,989
10,102746;0,0151;0,4112;0,9438;1,030
10,107576;-0,0068;0,4065;1,0190;1,097
10,112309;-0,0247;0,3992;1,0654;1,138
10,118904;-0,0393;0,3968;1,1026;1,172
10,122414;-0,0545;0,3955;1,1443;1,212
10,127570;-0,0650;0,3970;1,1910;1,257
10,132471;-0,0652;0,3970;1,2276;1,292
10,138923;-0,0601;0,4021;1,2516;1,316
10,142627;-0,0459;0,4058;1,2665;1,331
10,147857;-0,0276;0,4099;1,2631;1,328
10,160568;-0,0037;0,4143;1,2443;1,311
10,161557;0,0235;0,4300;1,2152;1,289
10,162417;0,0415;0,4451;1,2017;1,282
10,183174;0,0628;0,4583;1,2044;1,290
10,184355;0,0928;0,4669;1,2181;1,308
10,184900;0,1143;0,4713;1,2389;1,330
10,185280;0,1314;0,4696;1,2618;1,353
10,187917;0,1415;0,4632;1,2851;1,373
10,192770;0,1454;0,4544;1,2946;1,380
10,197727;0,1432;0,4493;1,2899;1,373
10,203226;0,1490;0,4454;1,2767;1,360
10,208151;0,1454;0,4446;1,2406;1,326
10,212819;0,1461;0,4434;1,2010;1,289
10,218021;0,1488;0,4483;1,1590;1,252
10,223313;0,1573;0,4551;1,1189;1,218
10,228231;0,1561;0,4613;1,0732;1,179
10,233542;0,1524;0,4634;1,0205;1,131
10,238560;0,1375;0,4615;0,9640;1,078
10,243249;0,1222;0,4561;0,9052;1,021
10,248018;0,1090;0,4429;0,8453;0,961
10,259701;0,0997;0,4354;0,7925;0,910
10,260656;0,0987;0,4214;0,7390;0,856
10,263429;0,1026;0,4075;0,7222;0,836
10,275761;0,1060;0,3902;0,7483;0,851
10,276591;0,1065;0,3604;0,8306;0,912
10,278272;0,1116;0,3191;0,9398;0,999
10,284338;0,1116;0,2682;1,0481;1,088
10,288251;0,1119;0,2201;1,1397;1,166
10,293782;0,1163;0,1906;1,2257;1,246
10,298396;0,1231;0,1732;1,3105;1,328
10,303654;0,1278;0,1625;1,3950;1,410
10,308846;0,1251;0,1527;1,4685;1,482
10,313519;0,1055;0,1353;1,4927;1,503
10,318770;0,0767;0,1256;1,4912;1,498
10,323751;0,0450;0,1234;1,4749;1,481
10,328426;0,0239;0,1297;1,4304;1,436
10,335743;0,0159;0,1422;1,3530;1,361
10,339052;0,0156;0,1632;1,2533;1,264
10,343957;0,0254;0,1876;1,1424;1,158
10,348580;0,0315;0,2099;1,0305;1,052
10,353692;0,0347;0,2235;0,9220;0,949
10,358848;0,0315;0,2399;0,8104;0,846
10,363788;0,0364;0,2489;0,7439;0,785
10,375326;0,0462;0,2580;0,6936;0,741
10,376495;0,0611;0,2609;0,6591;0,712
10,378972;0,0774;0,2668;0,6367;0,695
10,392135;0,0926;0,2690;0,6249;0,687
10,393123;0,1043;0,2736;0,6235;0,689
10,393979;0,1124;0,2748;0,6359;0,702
10,398827;0,1173;0,2709;0,6572;0,720
10,403913;0,1156;0,2682;0,6982;0,757
10,408898;0,1055;0,2595;0,7759;0,825
10,413805;0,0945;0,2448;0,8382;0,878
10,418828;0,0887;0,2350;0,8834;0,918
10,423888;0,0826;0,2265;0,9059;0,937
10,429117;0,0779;0,2248;0,9159;0,946
10,435333;0,0774;0,2248;0,9120;0,942
10,439412;0,0796;0,2321;0,8944;0,927
10,444079;0,0814;0,2360;0,8692;0,904
10,449288;0,0909;0,2443;0,8539;0,893
10,454680;0,0931;0,2531;0,8416;0,884
10,459312;0,0916;0,2587;0,8174;0,862
10,464416;0,0933;0,2687;0,7984;0,848
10,476920;0,0963;0,2775;0,7815;0,835
10,478272;0,0977;0,2810;0,7608;0,817
10,479450;0,0953;0,2851;0,7354;0,794
10,493297;0,0955;0,2883;0,7156;0,777
10,494488;0,0892;0,2902;0,6970;0,760
10,494882;0,0872;0,2968;0,6799;0,747
10,499361;0,0884;0,3007;0,6645;0,735
10,504394;0,0909;0,3068;0,6586;0,732
10,509666;0,0865;0,3086;0,6616;0,735
10,514509;0,0799;0,3056;0,6655;0,737
10,519605;0,0738;0,3029;0,6687;0,738
10,524807;0,0694;0,3032;0,6716;0,740
10,529518;0,0669;0,3054;0,6770;0,746
10,535060;0,0660;0,3088;0,6863;0,755
10,539913;0,0623;0,3064;0,7004;0,767
10,544915;0,0601;0,3064;0,7119;0,777
10,550390;0,0608;0,3020;0,7187;0,782
10,554888;0,0628;0,3025;0,7244;0,787
10,559798;0,0655;0,3059;0,7180;0,783
10,564907;0,0650;0,3171;0,7197;0,789
10,573797;0,0618;0,3261;0,7239;0,796
10,574872;0,0533;0,3330;0,7324;0,806
10,580129;0,0442;0,3369;0,7486;0,822
10,592014;0,0308;0,3367;0,7749;0,845
10,592991;0,0186;0,3320;0,8096;0,875
10,595019;0,0093;0,3271;0,8409;0,902
10,599928;0,0039;0,3274;0,8673;0,927
10,604939;0,0076;0,3298;0,8883;0,948
10,610039;0,0149;0,3349;0,9061;0,966
10,615301;0,0293;0,3476;0,9115;0,976
10,620468;0,0398;0,3613;0,9132;0,983
10,625227;0,0489;0,3760;0,9132;0,989
10,630391;0,0530;0,3887;0,9110;0,992
10,635524;0,0552;0,4009;0,9122;0,998
10,640455;0,0603;0,4082;0,9115;1,001
10,645713;0,0650;0,4129;0,9186;1,009
10,651287;0,0752;0,4197;0,9320;1,025
10,655845;0,0814;0,4285;0,9601;1,055
10,660677;0,0814;0,4305;1,0170;1,107
10,665864;0,0774;0,4295;1,0605;1,147
10,678979;0,0752;0,4280;1,1079;1,190
10,679800;0,0765;0,4236;1,1468;1,225
10,680159;0,0828;0,4195;1,1776;1,253
10,698597;0,0880;0,4180;1,2086;1,282
10,699814;0,0877;0,4180;1,2306;1,303
10,700542;0,0892;0,4219;1,2474;1,320
10,701173;0,0933;0,4268;1,2604;1,334
10,708876;0,1051;0,4312;1,2728;1,348
10,710939;0,1224;0,4346;1,2943;1,371
10,715818;0,1456;0,4373;1,3119;1,391
10,721194;0,1566;0,4368;1,3276;1,406
10,726077;0,1564;0,4378;1,3356;1,414
10,730912;0,1505;0,4327;1,3310;1,408
10,736152;0,1361;0,4295;1,3129;1,388
10,741053;0,1192;0,4297;1,2880;1,363
10,746387;0,1016;0,4292;1,2692;1,344
10,751986;0,0887;0,4283;1,2535;1,328
10,755838;0,0789;0,4297;1,2425;1,317
10,761044;0,0784;0,4305;1,2262;1,302
10,766436;0,0792;0,4263;1,2059;1,281
10,776338;0,0845;0,4283;1,1624;1,242
10,777348;0,0682;0,4300;1,1250;1,206
10,781280;0,0525;0,4317;1,0862;1,170
10,792409;0,0379;0,4288;1,0422;1,128
10,793714;0,0220;0,4256;1,0068;1,093
10,796010;0,0071;0,4214;0,9753;1,062
10,801636;0,0029;0,4173;0,9430;1,031
10,806464;-0,0056;0,4136;0,9191;1,008
10,811626;-0,0139;0,4075;0,9108;0,998
10,816595;-0,0183;0,3911;0,9147;0,995
10,821532;-0,0144;0,3753;0,9245;0,998
10,826470;-0,0115;0,3562;0,9494;1,014
10,831676;-0,0054;0,3340;0,9784;1,034
10,836677;0,0015;0,3093;1,0085;1,055
10,841554;0,0083;0,2810;1,0332;1,071
10,846815;0,0193;0,2558;1,0530;1,084
10,860568;0,0396;0,2370;1,0696;1,096
10,861327;0,0638;0,2238;1,1106;1,135
10,861709;0,0970;0,2113;1,2035;1,226
10,879068;0,1424;0,1893;1,2909;1,312
10,880277;0,1749;0,1742;1,3666;1,389
10,880810;0,1906;0,1637;1,4153;1,437
10,882301;0,1876;0,1583;1,4289;1,450
10,886816;0,1659;0,1564;1,4065;1,425
10,891848;0,1388;0,1595;1,3495;1,366
10,896679;0,1131;0,1681;1,2672;1,283
10,902347;0,0897;0,1810;1,1749;1,192
10,907327;0,0730;0,1952;1,0867;1,106
10,912098;0,0603;0,2116;0,9992;1,023
10,918714;0,0621;0,2367;0,9345;0,966
10,922311;0,0701;0,2570;0,8768;0,916
10,927346;0,0721;0,2744;0,8216;0,869
10,932522;0,0735;0,2875;0,7681;0,823
10,937313;0,0706;0,2949;0,7168;0,778
10,942466;0,0643;0,2988;0,6760;0,742
10,947593;0,0506;0,2959;0,6494;0,715
10,961072;0,0430;0,2941;0,6406;0,706
10,962129;0,0415;0,2873;0,6347;0,698
10,962562;0,0425;0,2810;0,6345;0,695
10,983745;0,0381;0,2719;0,6491;0,705
10,985116;0,0374;0,2678;0,6750;0,727
10,985883;0,0379;0,2614;0,7144;0,762
10,989043;0,0337;0,2546;0,7642;0,806
10,989979;0,0264;0,2438;0,8133;0,849
10,992483;0,0134;0,2362;0,8602;0,892
10,997558;0,0005;0,2255;0,8964;0,924
11,002512;-0,0086;0,2179;0,9232;0,949
11,007501;-0,0213;0,2103;0,9447;0,968
11,012991;-0,0357;0,2062;0,9621;0,985
11,018709;-0,0462;0,2084;0,9679;0,991
11,022929;-0,0555;0,2052;0,9621;0,985
11,027492;-0,0564;0,2121;0,9477;0,973
11,032744;-0,0481;0,2174;0,9259;0,952
11,037999;-0,0330;0,2311;0,9010;0,931
11,042890;-0,0054;0,2489;0,8692;0,904
11,047739;0,0254;0,2670;0,8387;0,881
11,060909;0,0515;0,2863;0,8140;0,864
11,062278;0,0689;0,3037;0,7947;0,854
11,063025;0,0799;0,3164;0,7718;0,838
11,075299;0,0867;0,3247;0,7544;0,826
11,076088;0,0862;0,3279;0,7385;0,813
11,077650;0,0804;0,3318;0,7266;0,803
11,083056;0,0711;0,3332;0,7187;0,795
11,087914;0,0552;0,3335;0,7117;0,788
11,092895;0,0418;0,3347;0,7173;0,793
11,098073;0,0325;0,3362;0,7185;0,794
11,103665;0,0296;0,3352;0,7187;0,794
11,108181;0,0291;0,3357;0,7161;0,791
11,113135;0,0266;0,3340;0,7197;0,794
11,118722;0,0249;0,3359;0,7305;0,804
11,123406;0,0249;0,3384;0,7383;0,813
11,128253;0,0235;0,3371;0,7481;0,821
11,133155;0,0257;0,3364;0,7615;0,833
11,138688;0,0213;0,3367;0,7818;0,851
11,142955;0,0151;0,3359;0,8187;0,885
11,148491;0,0000;0,3276;0,8688;0,928
11,160091;-0,0083;0,3144;0,9061;0,959
11,161208;-0,0073;0,3039;0,9274;0,976
11,163103;-0,0022;0,3003;0,9313;0,979
11,176522;0,0051;0,3056;0,9147;0,964
11,177245;0,0122;0,3156;0,8927;0,947
11,178166;0,0254;0,3335;0,8663;0,929
11,184504;0,0362;0,3450;0,8463;0,915
11,188298;0,0403;0,3518;0,8240;0,897
11,193344;0,0430;0,3547;0,8074;0,883
11,198663;0,0518;0,3562;0,8018;0,879
11,203742;0,0589;0,3579;0,7969;0,876
11,208609;0,0660;0,3599;0,8047;0,884
11,213611;0,0691;0,3657;0,8284;0,908
11,219028;0,0733;0,3647;0,8783;0,954
11,223958;0,0774;0,3586;0,9308;1,001
11,228694;0,0814;0,3503;0,9838;1,048
11,235597;0,0855;0,3454;1,0400;1,099
11,238915;0,0882;0,3423;1,0899;1,146
11,243943;0,0909;0,3376;1,1424;1,195
11,248911;0,0884;0,3357;1,1925;1,242
11,254202;0,0858;0,3269;1,2369;1,282
11,258860;0,0809;0,3225;1,2777;1,320
11,263916;0,0738;0,3178;1,3053;1,345
11,276066;0,0708;0,3147;1,3254;1,364
11,277233;0,0762;0,3154;1,3342;1,373
11,279034;0,0882;0,3198;1,3405;1,381
11,290641;0,0928;0,3254;1,3505;1,392
11,291500;0,0928;0,3323;1,3620;1,405
11,294913;0,0965;0,3357;1,3732;1,417
11,298856;0,1055;0,3357;1,3869;1,431
11,303898;0,1163;0,3362;1,4013;1,446
11,309070;0,1309;0,3327;1,4216;1,466
11,313997;0,1476;0,3230;1,4478;1,491
11,319165;0,1666;0,3142;1,4629;1,506
11,324095;0,1744;0,3110;1,4617;1,505
11,329040;0,1818;0,3139;1,4443;1,489
11,335112;0,1862;0,3169;1,4143;1,461
11,339304;0,1901;0,3252;1,3757;1,426
11,344409;0,1918;0,3418;1,3329;1,389
11,351645;0,1840;0,3562;1,2912;1,352
11,354175;0,1727;0,3667;1,2482;1,312
11,359402;0,1612;0,3713;1,2003;1,267
11,364578;0,1554;0,3711;1,1382;1,207
11,376805;0,1507;0,3716;1,0510;1,125
11,378214;0,1502;0,3748;0,9770;1,057
11,379607;0,1515;0,3870;0,9064;0,997
11,394284;0,1583;0,3960;0,8411;0,943
11,395267;0,1683;0,4021;0,7889;0,901
11,395621;0,1791;0,4016;0,7490;0,869
11,399598;0,1818;0,3994;0,7341;0,855
11,404832;0,1810;0,3899;0,7424;0,858
11,409635;0,1805;0,3738;0,7779;0,882
11,414890;0,1749;0,3450;0,8355;0,921
11,419970;0,1693;0,3056;0,9135;0,978
11,425404;0,1654;0,2753;0,9621;1,014
11,430029;0,1593;0,2541;1,0083;1,052
11,435867;0,1480;0,2399;1,0566;1,094
11,440118;0,1297;0,2279;1,0977;1,129
11,444654;0,1097;0,2162;1,1250;1,151
11,451305;0,0911;0,2091;1,1368;1,159
11,455089;0,0762;0,2035;1,1338;1,154
11,460155;0,0623;0,2018;1,1199;1,140
11,465112;0,0506;0,2079;1,1006;1,121
11,477880;0,0418;0,2204;1,0632;1,087
11,478977;0,0472;0,2292;1,0288;1,055
11,479795;0,0501;0,2367;0,9841;1,013
11,501190;0,0589;0,2448;0,9257;0,959
11,502919;0,0806;0,2533;0,8702;0,910
11,503647;0,0980;0,2634;0,8096;0,857
11,504175;0,1146;0,2702;0,7537;0,809
11,505188;0,1219;0,2785;0,7087;0,771
11,510094;0,1214;0,2841;0,6843;0,751
11,515335;0,1080;0,2841;0,6723;0,738
11,520579;0,0901;0,2758;0,6655;0,726
11,525642;0,0760;0,2697;0,6682;0,725
11,530571;0,0625;0,2636;0,6845;0,736
11,535680;0,0508;0,2577;0,7297;0,776
11,540981;0,0396;0,2460;0,7957;0,834
11,545856;0,0300;0,2336;0,8504;0,882
11,551963;0,0210;0,2196;0,8983;0,925
11,555928;0,0081;0,2096;0,9354;0,959
11,560265;-0,0020;0,2006;0,9482;0,969
11,565392;-0,0061;0,2016;0,9450;0,966
11,576102;-0,0022;0,2084;0,9164;0,940
11,577034;0,0049;0,2235;0,8824;0,910
11,580581;0,0200;0,2397;0,8431;0,877
11,590854;0,0410;0,2587;0,8089;0,850
11,591863;0,0581;0,2758;0,7771;0,827
11,595615;0,0682;0,2885;0,7503;0,807
11,601261;0,0689;0,2956;0,7219;0,783
11,605742;0,0655;0,3029;0,6941;0,760
11,611312;0,0647;0,3081;0,6677;0,738
11,615566;0,0603;0,3156;0,6477;0,723
11,620883;0,0511;0,3249;0,6398;0,719
11,625937;0,0388;0,3305;0,6484;0,729
11,631149;0,0286;0,3357;0,6596;0,741
11,636616;0,0222;0,3369;0,6721;0,752
11,641156;0,0181;0,3357;0,6821;0,760
11,646256;0,0144;0,3345;0,6948;0,771
11,652423;0,0122;0,3327;0,7168;0,790
11,656370;0,0132;0,3298;0,7437;0,814
11,661265;0,0142;0,3235;0,7666;0,832
11,666435;0,0195;0,3183;0,7806;0,843
11,678623;0,0344;0,3142;0,7962;0,857
11,679667;0,0496;0,3132;0,8135;0,873
11,681107;0,0611;0,3130;0,8397;0,898
11,698782;0,0689;0,3144;0,8626;0,921
11,699908;0,0716;0,3142;0,8753;0,933
11,700301;0,0726;0,3105;0,8739;0,930
11,701674;0,0770;0,3154;0,8587;0,918
11,706199;0,0799;0,3242;0,8411;0,905
11,711047;0,0826;0,3369;0,8214;0,892
11,716286;0,0887;0,3535;0,8074;0,886
11,721393;0,0928;0,3682;0,7947;0,881
11,726471;0,0950;0,3819;0,7881;0,881
11,731251;0,0975;0,3880;0,7801;0,877
11,737291;0,0953;0,3936;0,7759;0,875
11,741300;0,0933;0,3994;0,7754;0,877
11,746593;0,0887;0,4029;0,7832;0,885
11,751600;0,0843;0,4016;0,7879;0,888
11,757002;0,0777;0,4043;0,7977;0,898
11,761676;0,0833;0,4092;0,8118;0,913
11,775653;0,0799;0,4117;0,8282;0,928
11,776766;0,0699;0,4126;0,8424;0,941
11,777196;0,0577;0,4119;0,8424;0,939
11,781627;0,0479;0,4082;0,8387;0,934
11,790138;0,0391;0,4087;0,8338;0,929
11,791825;0,0342;0,4112;0,8292;0,926
11,797284;0,0325;0,4165;0,8255;0,925
11,801895;0,0286;0,4187;0,8226;0,923
11,806916;0,0266;0,4192;0,8262;0,927
11,811662;0,0281;0,4246;0,8328;0,935
11,817792;0,0232;0,4278;0,8673;0,967
11,822107;0,0195;0,4280;0,9137;1,009
11,827018;0,0169;0,4224;0,9501;1,040
11,831965;0,0139;0,4168;0,9897;1,074
11,837222;0,0081;0,4109;1,0239;1,103
11,842346;0,0020;0,4092;1,0520;1,129
11,847040;-0,0017;0,4073;1,0747;1,149
11,852429;-0,0054;0,4095;1,0879;1,162
11,857325;-0,0034;0,4134;1,0923;1,168
11,862390;0,0000;0,4197;1,0964;1,174
11,876194;0,0107;0,4253;1,0982;1,178
11,877208;0,0232;0,4290;1,1011;1,182
11,877796;0,0406;0,4380;1,1062;1,190
11,882234;0,0515;0,4451;1,1155;1,202
11,895086;0,0669;0,4505;1,1338;1,222
11,896549;0,0777;0,4522;1,1519;1,240
11,897833;0,0845;0,4559;1,1668;1,256
11,904878;0,0909;0,4576;1,1861;1,275
11,907439;0,0892;0,4532;1,2088;1,294
11,912161;0,0801;0,4490;1,2333;1,315
11,917328;0,0679;0,4393;1,2540;1,330
11,922606;0,0638;0,4344;1,2802;1,353
11,927530;0,0640;0,4310;1,2948;1,366
11,932797;0,0716;0,4290;1,2980;1,369
11,937803;0,0792;0,4275;1,2868;1,358
11,942848;0,0909;0,4266;1,2819;1,354
11,948220;0,1053;0,4285;1,2758;1,350
11,953549;0,1129;0,4290;1,2699;1,345
11,957626;0,1222;0,4290;1,2560;1,333
11,962758;0,1297;0,4253;1,2276;1,306
11,976748;0,1334;0,4180;1,1854;1,264
11,978113;0,1334;0,4114;1,1197;1,200
11,978590;0,1300;0,4012;1,0696;1,150
11,995096;0,1202;0,3933;1,0276;1,107
11,995866;0,1063;0,3823;0,9919;1,068
11,996276;0,0923;0,3711;0,9599;1,033
11,997836;0,0816;0,3584;0,9389;1,008
12,003168;0,0706;0,3486;0,9291;0,995
12,007811;0,0625;0,3376;0,9284;0,990
12,012926;0,0525;0,3276;0,9315;0,989
12,018278;0,0508;0,3210;0,9406;0,995
12,022913;0,0635;0,3093;0,9552;1,006
12,027998;0,0843;0,2990;0,9684;1,017
12,034144;0,1033;0,2937;0,9828;1,031
12,038358;0,1270;0,2912;0,9946;1,044
12,043074;0,1483;0,2824;1,0019;1,051
12,048234;0,1644;0,2695;1,0068;1,055
12,053079;0,1681;0,2558;1,0168;1,062
12,058222;0,1688;0,2450;1,0327;1,075
12,063544;0,1671;0,2343;1,0469;1,086
12,078711;0,1688;0,2238;1,0510;1,088
12,079466;0,1681;0,2174;1,0456;1,081
12,079890;0,1544;0,2196;1,0410;1,075
12,097675;0,1366;0,2201;1,0371;1,069
12,098562;0,1153;0,2189;1,0283;1,058
12,098966;0,0882;0,2123;1,0319;1,057
12,099397;0,0562;0,2011;1,0532;1,074
12,103392;0,0225;0,1845;1,0994;1,115
12,108360;-0,0125;0,1627;1,1502;1,162
12,114016;-0,0413;0,1402;1,1780;1,187
12,118631;-0,0577;0,1244;1,1795;1,187
12,123558;-0,0611;0,1222;1,1595;1,167
12,128735;-0,0515;0,1339;1,1319;1,141
12,134857;-0,0337;0,1456;1,1023;1,112
12,139006;-0,0037;0,1598;1,0664;1,078
12,143847;0,0244;0,1688;1,0268;1,041
12,149266;0,0430;0,1752;0,9870;1,003
12,154728;0,0547;0,1820;0,9582;0,977
12,159009;0,0596;0,1935;0,9438;0,965
12,164131;0,0601;0,2050;0,9394;0,963
12,175884;0,0625;0,2077;0,9357;0,960
12,176650;0,0640;0,2052;0,9276;0,952
12,178844;0,0748;0,2018;0,9100;0,935
12,192959;0,0884;0,2035;0,8927;0,920
12,194353;0,0985;0,2079;0,8790;0,909
12,194981;0,1143;0,2194;0,8690;0,904
12,199155;0,1236;0,2314;0,8622;0,901
12,204361;0,1307;0,2411;0,8536;0,897
12,209580;0,1378;0,2438;0,8389;0,884
12,214087;0,1358;0,2453;0,8194;0,866
12,219142;0,1336;0,2465;0,8057;0,853
12,224353;0,1336;0,2504;0,7942;0,843
12,229214;0,1358;0,2538;0,7867;0,838
12,235044;0,1300;0,2585;0,7952;0,846
12,240021;0,1151;0,2519;0,8079;0,854
12,244338;0,0972;0,2428;0,8067;0,848
12,251278;0,0765;0,2350;0,7925;0,830
12,254746;0,0574;0,2331;0,7676;0,804
12,259682;0,0457;0,2318;0,7341;0,771
12,264433;0,0384;0,2350;0,7029;0,742
12,269550;0,0308;0,2443;0,6731;0,717
12,274814;0,0188;0,2536;0,6530;0,701
12,279580;0,0129;0,2604;0,6367;0,688
12,292602;0,0083;0,2639;0,6222;0,676
12,294048;0,0037;0,2690;0,6073;0,664
12,294603;-0,0024;0,2700;0,5959;0,654
12,300008;-0,0120;0,2714;0,5973;0,656
12,311992;-0,0154;0,2717;0,6091;0,667
12,312915;-0,0149;0,2687;0,6276;0,683
12,314658;-0,0095;0,2665;0,6496;0,702
12,319649;-0,0010;0,2663;0,6826;0,733
12,324540;0,0022;0,2673;0,7400;0,787
12,329831;-0,0034;0,2592;0,8179;0,858
12,334917;-0,0056;0,2472;0,8793;0,913
12,339816;-0,0002;0,2338;0,9306;0,959
12,344932;0,0110;0,2272;0,9616;0,988
12,350620;0,0191;0,2301;0,9745;1,002
12,355309;0,0220;0,2392;0,9780;1,007
12,359954;0,0291;0,2519;0,9770;1,009
12,364887;0,0303;0,2700;0,9797;1,017
12,374622;0,0322;0,2805;0,9841;1,024
12,375486;0,0391;0,2888;0,9877;1,030
12,380094;0,0599;0,2988;0,9890;1,035
12,396148;0,0723;0,3108;0,9931;1,043
12,397385;0,0821;0,3227;0,9997;1,054
12,398163;0,0872;0,3332;1,0092;1,066
12,407507;0,0899;0,3391;1,0131;1,072
12,408690;0,0877;0,3428;1,0112;1,071
12,410168;0,0850;0,3433;1,0070;1,067
12,415099;0,0833;0,3474;1,0061;1,068
12,420646;0,0814;0,3538;1,0097;1,073
12,425357;0,0787;0,3579;1,0192;1,083
12,430550;0,0777;0,3640;1,0407;1,105
12,435394;0,0757;0,3645;1,0654;1,129
12,440526;0,0718;0,3596;1,0952;1,155
12,445333;0,0682;0,3550;1,1316;1,188
12,451560;0,0706;0,3506;1,1800;1,233
12,455680;0,0701;0,3501;1,2269;1,278
12,460540;0,0687;0,3516;1,2548;1,305
12,466023;0,0645;0,3511;1,2701;1,319
12,470907;0,0616;0,3567;1,2758;1,326
12,475820;0,0581;0,3633;1,2726;1,325
12,480764;0,0518;0,3655;1,2555;1,309
12,493737;0,0472;0,3687;1,2301;1,285
12,494954;0,0474;0,3733;1,2037;1,261
12,495776;0,0493;0,3735;1,1798;1,238
12,511713;0,0491;0,3760;1,1602;1,221
12,512856;0,0491;0,3755;1,1482;1,209
12,513246;0,0508;0,3799;1,1558;1,218
12,516871;0,0579;0,3760;1,1739;1,234
12,520854;0,0696;0,3716;1,1932;1,252
12,526111;0,0884;0,3674;1,2103;1,268
12,531210;0,1197;0,3643;1,2247;1,283
12,536477;0,1473;0,3638;1,2308;1,292
12,541194;0,1739;0,3665;1,2372;1,302
12,545803;0,2023;0,3718;1,2347;1,305
12,551416;0,2296;0,3738;1,2254;1,302
12,556125;0,2521;0,3784;1,2162;1,298
12,560966;0,2704;0,3828;1,2047;1,293
12,566877;0,2773;0,3862;1,2005;1,291
12,571613;0,2734;0,3831;1,1898;1,279
12,576364;0,2639;0,3748;1,1690;1,256
12,581273;0,2436;0,3599;1,1438;1,224
12,592627;0,2255;0,3440;1,1189;1,192
12,593880;0,2062;0,3310;1,1006;1,168
12,596235;0,1974;0,3169;1,0852;1,148
12,610626;0,1986;0,3086;1,0593;1,121
12,611752;0,2103;0,2993;1,0236;1,087
12,612152;0,2231;0,2853;0,9826;1,047
12,618096;0,2287;0,2746;0,9611;1,025
12,621307;0,2692;0,2306;0,8539;0,925
12,626435;0,3425;0,1627;0,5986;0,709
12,631389;0,0970;0,2722;1,0884;1,126
12,636472;-0,0362;0,2231;1,3087;1,328
12,641332;0,0462;0,1063;1,2460;1,251
12,646820;0,1456;0,0342;1,1800;1,189
12,651643;0,1808;0,0239;1,1988;1,213
12,656773;0,1608;0,0506;1,2516;1,263
12,661721;0,1143;0,0738;1,2538;1,261
12,678222;0,0814;0,0919;1,2518;1,258
12,679452;0,0884;0,0972;1,2264;1,233
12,680046;0,1043;0,0980;1,1822;1,191
12,684051;0,0992;0,1058;1,1150;1,124
12,702085;0,0870;0,1253;1,0574;1,068
12,703029;0,0696;0,1422;0,9868;0,999
12,703523;0,0496;0,1539;0,9267;0,941
12,703806;0,0347;0,1630;0,8746;0,890
12,706881;0,0374;0,1700;0,8284;0,847
12,711754;0,0484;0,1810;0,7908;0,813
12,717846;0,0696;0,1879;0,7647;0,790
12,722365;0,0980;0,1969;0,7552;0,787
12,727664;0,1253;0,2062;0,7595;0,797
12,732691;0,1373;0,2165;0,7752;0,816
12,737279;0,1437;0,2238;0,7876;0,831
12,742503;0,1380;0,2235;0,7979;0,840
12,747316;0,1234;0,2233;0,8150;0,854
12,752695;0,1092;0,2238;0,8414;0,877
12,757402;0,0938;0,2199;0,8768;0,909
12,762109;0,0843;0,2135;0,9093;0,938
12,776919;0,0784;0,2057;0,9247;0,951
12,778202;0,0814;0,2030;0,9186;0,944
12,778822;0,0845;0,2035;0,8944;0,921
12,794132;0,0892;0,2069;0,8629;0,892
12,795176;0,0872;0,2108;0,8421;0,872
12,795600;0,0811;0,2167;0,8255;0,857
12,797529;0,0669;0,2199;0,8160;0,848
12,802415;0,0479;0,2174;0,8052;0,835
12,807465;0,0315;0,2133;0,7945;0,823
12,812292;0,0142;0,2094;0,7837;0,811
12,817419;-0,0005;0,2084;0,7705;0,798
12,822443;-0,0056;0,2118;0,7657;0,794
12,827519;0,0017;0,2184;0,7635;0,794
12,832681;0,0117;0,2274;0,7676;0,801
12,838000;0,0264;0,2387;0,7696;0,806
12,842597;0,0354;0,2441;0,7669;0,806
12,847613;0,0469;0,2475;0,7552;0,796
12,852887;0,0557;0,2482;0,7402;0,783
12,858106;0,0633;0,2504;0,7332;0,777
12,862835;0,0689;0,2575;0,7322;0,779
12,877880;0,0684;0,2580;0,7312;0,778
12,879150;0,0650;0,2546;0,7319;0,778
12,879629;0,0633;0,2475;0,7371;0,780
12,893329;0,0603;0,2450;0,7456;0,787
12,894339;0,0596;0,2392;0,7525;0,792
12,894763;0,0599;0,2428;0,7737;0,813
12,898121;0,0630;0,2455;0,8123;0,851
12,902944;0,0689;0,2441;0,8695;0,906
12,908017;0,0774;0,2397;0,9227;0,957
12,913166;0,0833;0,2331;0,9562;0,988
12,918559;0,0921;0,2321;0,9679;1,000
12,923232;0,0985;0,2384;0,9677;1,001
12,928124;0,0899;0,2504;0,9572;0,993
12,935695;0,0828;0,2612;0,9425;0,982
12,938579;0,0806;0,2724;0,9262;0,969
12,943540;0,0787;0,2814;0,9137;0,959
12,948577;0,0765;0,2895;0,9015;0,950
12,953367;0,0752;0,2959;0,8868;0,938
12,958370;0,0711;0,3039;0,8651;0,920
12,963365;0,0757;0,3159;0,8431;0,904
12,974123;0,0779;0,3279;0,8262;0,892
12,975185;0,0845;0,3367;0,8167;0,887
12,978786;0,0826;0,3428;0,8160;0,889
12,998573;0,0831;0,3440;0,8267;0,899
13,000183;0,0774;0,3411;0,8402;0,910
13,000878;0,0696;0,3376;0,8553;0,922
13,001373;0,0643;0,3352;0,8727;0,937
13,003746;0,0660;0,3345;0,8981;0,961
13,008802;0,0672;0,3337;0,9215;0,982
13,013573;0,0701;0,3315;0,9423;1,001
13,019584;0,0689;0,3286;0,9704;1,027
13,024110;0,0660;0,3232;0,9995;1,052
13,029177;0,0523;0,3142;1,0256;1,074
13,035150;0,0447;0,3090;1,0373;1,083
13,038842;0,0403;0,3090;1,0395;1,085
13,044010;0,0366;0,3152;1,0300;1,078
13,049628;0,0344;0,3220;1,0207;1,071
13,054850;0,0362;0,3296;1,0148;1,068
13,058962;0,0428;0,3352;1,0068;1,062
13,063907;0,0511;0,3440;0,9938;1,053
13,074924;0,0542;0,3503;0,9821;1,044
13,075916;0,0638;0,3562;0,9697;1,035
13,081163;0,0706;0,3611;0,9577;1,026
13,089710;0,0730;0,3650;0,9547;1,025
13,090594;0,0733;0,3740;0,9547;1,028
13,094217;0,0733;0,3755;0,9675;1,040
13,100887;0,0740;0,3767;0,9831;1,055
13,104131;0,0755;0,3723;1,0141;1,083
13,109067;0,0784;0,3645;1,0554;1,119
13,114146;0,0777;0,3560;1,0999;1,159
13,119131;0,0762;0,3486;1,1385;1,193
13,124244;0,0867;0,3459;1,1680;1,221
13,129211;0,1007;0,3484;1,1832;1,237
13,134666;0,1160;0,3530;1,1947;1,251
13,139707;0,1331;0,3564;1,1983;1,257
13,144253;0,1432;0,3601;1,1971;1,258
13,151352;0,1495;0,3596;1,1954;1,257
13,154669;0,1598;0,3599;1,1868;1,250
13,159384;0,1573;0,3633;1,1741;1,239
13,164806;0,1454;0,3674;1,1697;1,235
13,170048;0,1390;0,3674;1,1543;1,219
13,174769;0,1339;0,3601;1,1321;1,196
13,179614;0,1334;0,3564;1,1065;1,170
13,192214;0,1419;0,3523;1,0852;1,150
13,193333;0,1622;0,3533;1,0767;1,145
13,194838;0,1825;0,3520;1,0691;1,140
13,211450;0,2045;0,3467;1,0640;1,138
13,212496;0,2187;0,3335;1,0615;1,134
13,212963;0,2231;0,3149;1,0649;1,133
13,214838;0,2204;0,2934;1,0769;1,138
13,219746;0,2138;0,2707;1,0974;1,150
13,225049;0,1994;0,2492;1,1236;1,168
13,230329;0,1825;0,2265;1,1451;1,181
13,235609;0,1725;0,2074;1,1695;1,200
13,240397;0,1730;0,1920;1,1903;1,218
13,245136;0,1698;0,1825;1,2096;1,235
13,251744;0,1603;0,1766;1,2281;1,251
13,255455;0,1500;0,1757;1,2399;1,261
13,260547;0,1349;0,1752;1,2403;1,260
13,265730;0,1187;0,1744;1,2315;1,249
13,270786;0,1004;0,1747;1,2120;1,229
13,275372;0,0865;0,1727;1,1859;1,201
13,280635;0,0689;0,1754;1,1556;1,171
13,292704;0,0508;0,1783;1,1113;1,127
13,293540;0,0274;0,1845;1,0720;1,088
13,296031;0,0051;0,1891;1,0268;1,044
13,313292;-0,0142;0,1891;0,9826;1,001
13,314905;-0,0210;0,1923;0,9291;0,949
13,315522;-0,0183;0,1952;0,8746;0,896
13,316017;-0,0051;0,1994;0,8306;0,854
13,321521;0,0120;0,2001;0,7930;0,818
13,325628;0,0254;0,1942;0,7732;0,798
13,330766;0,0366;0,1874;0,7832;0,806
13,335807;0,0540;0,1810;0,8126;0,834
13,341699;0,0779;0,1717;0,8736;0,894
13,345372;0,0989;0,1659;0,9325;0,952
13,351796;0,1204;0,1637;0,9836;1,004
13,355956;0,1397;0,1647;1,0249;1,047
13,360448;0,1586;0,1661;1,0552;1,080
13,367767;0,1647;0,1642;1,0771;1,102
13,370999;0,1637;0,1551;1,0920;1,115
13,375851;0,1605;0,1478;1,0906;1,112
13,380764;0,1593;0,1432;1,0749;1,096
13,391904;0,1515;0,1446;1,0488;1,070
13,392896;0,1459;0,1507;1,0095;1,031
13,396046;0,1388;0,1595;0,9733;0,996
13,410291;0,1329;0,1691;0,9376;0,962
13,411373;0,1256;0,1749;0,9017;0,927
13,411902;0,1165;0,1796;0,8658;0,892
13,420441;0,0999;0,1793;0,8346;0,859
13,421345;0,0794;0,1735;0,8079;0,830
13,425934;0,0623;0,1661;0,7832;0,803
13,430915;0,0498;0,1617;0,7683;0,787
13,436140;0,0423;0,1595;0,7639;0,782
13,441033;0,0476;0,1586;0,7742;0,792
13,445958;0,0518;0,1603;0,7898;0,808
13,451619;0,0545;0,1625;0,8118;0,830
13,456458;0,0537;0,1627;0,8280;0,846
13,461587;0,0518;0,1654;0,8397;0,857
13,474750;0,0484;0,1669;0,8507;0,868
13,475636;0,0410;0,1705;0,8695;0,887
13,476099;0,0379;0,1732;0,8859;0,903
13,481730;0,0379;0,1801;0,8900;0,909
13,496491;0,0391;0,1847;0,8907;0,911
13,497621;0,0467;0,1967;0,8866;0,909
13,498190;0,0567;0,2074;0,8805;0,906
13,507481;0,0706;0,2189;0,8753;0,905
13,508515;0,0870;0,2296;0,8712;0,905
13,511283;0,0980;0,2338;0,8619;0,898
13,517123;0,1204;0,2380;0,6767;0,727
13,522318;0,1087;0,2460;0,6379;0,692
13,526757;0,0909;0,2482;0,7967;0,839
13,531980;0,0960;0,2499;0,8377;0,879
13,536748;0,0882;0,2372;0,8453;0,882
13,541618;0,0789;0,2218;0,8727;0,904
13,546697;0,0845;0,2184;0,8854;0,916
13,551656;0,0872;0,2157;0,8859;0,916
13,556754;0,0701;0,2086;0,8724;0,900
13,561894;0,0459;0,2020;0,8629;0,887
13,573734;0,0274;0,1942;0,8551;0,877
13,574334;0,0171;0,1854;0,8502;0,870
13,576833;0,0164;0,1793;0,8482;0,867
13,581994;0,0176;0,1771;0,8490;0,867
13,590898;0,0200;0,1769;0,8575;0,876
13,591613;0,0191;0,1815;0,8964;0,915
13,597092;0,0232;0,1837;0,9472;0,965
13,601965;0,0300;0,1862;0,9963;1,014
13,606911;0,0432;0,1876;1,0425;1,060
13,611996;0,0545;0,1908;1,0796;1,098
13,617816;0,0567;0,1962;1,0930;1,112
13,622237;0,0381;0,2028;1,0686;1,088
13,627047;0,0208;0,2103;1,0324;1,054
13,632008;0,0081;0,2184;0,9926;1,016
13,637184;0,0064;0,2299;0,9545;0,982
13,642320;0,0093;0,2428;0,9159;0,948
13,647397;0,0144;0,2555;0,8978;0,934
13,652399;0,0188;0,2648;0,8932;0,932
13,657333;0,0210;0,2724;0,8893;0,930
13,662227;0,0259;0,2778;0,8868;0,930
13,678574;0,0271;0,2871;0,8851;0,931
13,679333;0,0129;0,2924;0,8829;0,930
13,679697;0,0029;0,3007;0,8780;0,928
